{"timestamp":"2026-05-06 11:50:25","invoice":26214332,"row":2,"excel_name":"Kashmir Baker 1","excel_ntn":"3932730","matched_party_id":479,"matched_party_name":"Kashmir Baker 1","matched_party_ntn":"3932730","matched_company_id":10,"note":"created_party"}
{"timestamp":"2026-05-06 11:50:25","invoice":26214333,"row":9,"excel_name":"Sa General Store","excel_ntn":"1330249271285","matched_party_id":480,"matched_party_name":"Sa General Store","matched_party_ntn":"1330249271285","matched_company_id":10,"note":"created_party"}
{"timestamp":"2026-05-06 11:50:25","invoice":26214334,"row":13,"excel_name":"PSO  ALI KHAN","excel_ntn":"1330215411519","matched_party_id":481,"matched_party_name":"PSO  ALI KHAN","matched_party_ntn":"1330215411519","matched_company_id":10,"note":"created_party"}
{"timestamp":"2026-05-06 11:50:25","invoice":26214336,"row":24,"excel_name":"Daud General Store","excel_ntn":"1330285513487","matched_party_id":483,"matched_party_name":"Daud General Store","matched_party_ntn":"1330285513487","matched_company_id":10,"note":"created_party"}
{"timestamp":"2026-05-06 11:50:25","invoice":26214337,"row":31,"excel_name":"Rehmat Mart","excel_ntn":"1330259085707","matched_party_id":484,"matched_party_name":"Rehmat Mart","matched_party_ntn":"1330259085707","matched_company_id":10,"note":"created_party"}
{"timestamp":"2026-05-06 11:50:26","invoice":26214338,"row":37,"excel_name":"MASTER KARYANA","excel_ntn":"1330203908883","matched_party_id":485,"matched_party_name":"MASTER KARYANA","matched_party_ntn":"1330203908883","matched_company_id":10,"note":"created_party"}
{"timestamp":"2026-05-06 11:50:26","invoice":26214339,"row":47,"excel_name":"Sunny Traders","excel_ntn":"1330214630725","matched_party_id":486,"matched_party_name":"Sunny Traders","matched_party_ntn":"1330214630725","matched_company_id":10,"note":"created_party"}
{"timestamp":"2026-05-06 11:50:26","invoice":26214341,"row":53,"excel_name":"City Baker","excel_ntn":"1111111","matched_party_id":487,"matched_party_name":"City Baker","matched_party_ntn":"1111111","matched_company_id":10,"note":"created_party"}
{"timestamp":"2026-05-06 11:50:26","invoice":26214342,"row":59,"excel_name":"Madina Super Store","excel_ntn":"1330205210953","matched_party_id":488,"matched_party_name":"Madina Super Store","matched_party_ntn":"1330205210953","matched_company_id":10,"note":"created_party"}
{"timestamp":"2026-05-06 11:50:26","invoice":26214343,"row":63,"excel_name":"YOUSAF AYUB pump","excel_ntn":"3412733","matched_party_id":489,"matched_party_name":"YOUSAF AYUB pump","matched_party_ntn":"3412733","matched_company_id":10,"note":"created_party"}
{"timestamp":"2026-05-06 11:50:27","invoice":26214345,"row":67,"excel_name":"RAJPOOT TUCK SHOP","excel_ntn":"1330225563013","matched_party_id":490,"matched_party_name":"RAJPOOT TUCK SHOP","matched_party_ntn":"1330225563013","matched_company_id":10,"note":"created_party"}
{"timestamp":"2026-05-06 11:50:27","invoice":26214349,"row":77,"excel_name":"Aslam Paan","excel_ntn":"1330296290551","matched_party_id":491,"matched_party_name":"Aslam Paan","matched_party_ntn":"1330296290551","matched_company_id":10,"note":"created_party"}
{"timestamp":"2026-05-06 11:50:27","invoice":26214350,"row":81,"excel_name":"Awain Karyana","excel_ntn":"1111111","matched_party_id":487,"matched_party_name":"City Baker","matched_party_ntn":"1111111","matched_company_id":10,"note":"name_mismatch_before_throw"}
{"timestamp":"2026-05-06 11:50:27","invoice":26214277,"row":90,"excel_name":"PAK AUSTRIA UNIVERSTY","excel_ntn":"F150397","matched_party_id":492,"matched_party_name":"PAK AUSTRIA UNIVERSTY","matched_party_ntn":"F150397","matched_company_id":10,"note":"created_party"}
{"timestamp":"2026-05-06 11:50:27","invoice":26214278,"row":103,"excel_name":"Zakir Kiryana","excel_ntn":"1330237915523","matched_party_id":493,"matched_party_name":"Zakir Kiryana","matched_party_ntn":"1330237915523","matched_company_id":10,"note":"created_party"}
{"timestamp":"2026-05-06 11:50:27","invoice":26214279,"row":104,"excel_name":"Mang General store","excel_ntn":"1330303475571","matched_party_id":494,"matched_party_name":"Mang General store","matched_party_ntn":"1330303475571","matched_company_id":10,"note":"created_party"}
{"timestamp":"2026-05-06 11:50:27","invoice":26214280,"row":112,"excel_name":"Haji Mehboob Kiryana","excel_ntn":"1330262606755","matched_party_id":495,"matched_party_name":"Haji Mehboob Kiryana","matched_party_ntn":"1330262606755","matched_company_id":10,"note":"created_party"}
{"timestamp":"2026-05-06 11:50:27","invoice":26214282,"row":120,"excel_name":"Pak Kishmir Sweet Baker","excel_ntn":"8210124301833","matched_party_id":496,"matched_party_name":"Pak Kishmir Sweet Baker","matched_party_ntn":"8210124301833","matched_company_id":10,"note":"created_party"}
{"timestamp":"2026-05-06 11:50:27","invoice":26214283,"row":121,"excel_name":"STUDENT TUCK SHOP","excel_ntn":"F150397","matched_party_id":492,"matched_party_name":"PAK AUSTRIA UNIVERSTY","matched_party_ntn":"F150397","matched_company_id":10,"note":"name_mismatch_before_throw"}
{"timestamp":"2026-05-06 11:50:27","invoice":26214284,"row":123,"excel_name":"Kala Khan Kiryana","excel_ntn":"1330250759823","matched_party_id":497,"matched_party_name":"Kala Khan Kiryana","matched_party_ntn":"1330250759823","matched_company_id":10,"note":"created_party"}
{"timestamp":"2026-05-06 11:50:27","invoice":26214285,"row":124,"excel_name":"IBRAHIM SUPER STORE","excel_ntn":"1330202572971","matched_party_id":498,"matched_party_name":"IBRAHIM SUPER STORE","matched_party_ntn":"1330202572971","matched_company_id":10,"note":"created_party"}
{"timestamp":"2026-05-06 11:50:27","invoice":26214286,"row":125,"excel_name":"BABU IKHLAQ TUCK SHOP","excel_ntn":"7136520","matched_party_id":499,"matched_party_name":"BABU IKHLAQ TUCK SHOP","matched_party_ntn":"7136520","matched_company_id":10,"note":"created_party"}
{"timestamp":"2026-05-06 11:50:27","invoice":26214290,"row":140,"excel_name":"Saifullah","excel_ntn":"1330278003645","matched_party_id":500,"matched_party_name":"Saifullah","matched_party_ntn":"1330278003645","matched_company_id":10,"note":"created_party"}
{"timestamp":"2026-05-06 11:50:27","invoice":26214291,"row":150,"excel_name":"Sadia Waqar Hosp","excel_ntn":"2192008","matched_party_id":501,"matched_party_name":"Sadia Waqar Hosp","matched_party_ntn":"2192008","matched_company_id":10,"note":"created_party"}
{"timestamp":"2026-05-06 11:50:28","invoice":26214292,"row":156,"excel_name":"MADINA GALI  R","excel_ntn":"8137122","matched_party_id":502,"matched_party_name":"MADINA GALI  R","matched_party_ntn":"8137122","matched_company_id":10,"note":"created_party"}
{"timestamp":"2026-05-06 11:50:28","invoice":26214293,"row":163,"excel_name":"Jan general store","excel_ntn":"1330204023745","matched_party_id":503,"matched_party_name":"Jan general store","matched_party_ntn":"1330204023745","matched_company_id":10,"note":"created_party"}
{"timestamp":"2026-05-06 11:50:28","invoice":26214294,"row":167,"excel_name":"REHMAN SWEETS","excel_ntn":"6878096","matched_party_id":504,"matched_party_name":"REHMAN SWEETS","matched_party_ntn":"6878096","matched_company_id":10,"note":"created_party"}
{"timestamp":"2026-05-06 11:50:28","invoice":26214295,"row":184,"excel_name":"WASEEM General Store","excel_ntn":"3953091","matched_party_id":505,"matched_party_name":"WASEEM General Store","matched_party_ntn":"3953091","matched_company_id":10,"note":"created_party"}
{"timestamp":"2026-05-06 11:50:28","invoice":26214296,"row":191,"excel_name":"USMAN G\/S","excel_ntn":"A889927","matched_party_id":506,"matched_party_name":"USMAN G\/S","matched_party_ntn":"A889927","matched_company_id":10,"note":"created_party"}
{"timestamp":"2026-05-06 11:50:28","invoice":26214297,"row":194,"excel_name":"Sundas Sweet bakery","excel_ntn":"1330205136197","matched_party_id":507,"matched_party_name":"Sundas Sweet bakery","matched_party_ntn":"1330205136197","matched_company_id":10,"note":"created_party"}
{"timestamp":"2026-05-06 11:50:28","invoice":26214298,"row":198,"excel_name":"REHAN STASHIONARY","excel_ntn":"G597151","matched_party_id":508,"matched_party_name":"REHAN STASHIONARY","matched_party_ntn":"G597151","matched_company_id":10,"note":"created_party"}
{"timestamp":"2026-05-06 11:50:28","invoice":26214299,"row":211,"excel_name":"NOMI KIRYANA","excel_ntn":"3354919","matched_party_id":509,"matched_party_name":"NOMI KIRYANA","matched_party_ntn":"3354919","matched_company_id":10,"note":"created_party"}
{"timestamp":"2026-05-06 11:50:28","invoice":26214300,"row":223,"excel_name":"MARHBA GENERAL STORE","excel_ntn":"6466126","matched_party_id":510,"matched_party_name":"MARHBA GENERAL STORE","matched_party_ntn":"6466126","matched_company_id":10,"note":"created_party"}
{"timestamp":"2026-05-06 11:50:28","invoice":26214301,"row":230,"excel_name":"Mani General Store","excel_ntn":"4969640","matched_party_id":511,"matched_party_name":"Mani General Store","matched_party_ntn":"4969640","matched_company_id":10,"note":"created_party"}
{"timestamp":"2026-05-06 11:50:28","invoice":26214302,"row":241,"excel_name":"Hafiz sweet Bakery","excel_ntn":"6988166","matched_party_id":512,"matched_party_name":"Hafiz sweet Bakery","matched_party_ntn":"6988166","matched_company_id":10,"note":"created_party"}
{"timestamp":"2026-05-06 11:50:28","invoice":26214303,"row":246,"excel_name":"Paradise Book Stall","excel_ntn":"7611021","matched_party_id":513,"matched_party_name":"Paradise Book Stall","matched_party_ntn":"7611021","matched_company_id":10,"note":"created_party"}
{"timestamp":"2026-05-06 11:50:29","invoice":26214304,"row":252,"excel_name":"Alnor Cosmatics","excel_ntn":"8788676","matched_party_id":514,"matched_party_name":"Alnor Cosmatics","matched_party_ntn":"8788676","matched_company_id":10,"note":"created_party"}
{"timestamp":"2026-05-06 11:50:29","invoice":26214305,"row":260,"excel_name":"Raja Fiyaz Kiryana","excel_ntn":"1330299968291","matched_party_id":515,"matched_party_name":"Raja Fiyaz Kiryana","matched_party_ntn":"1330299968291","matched_company_id":10,"note":"created_party"}
{"timestamp":"2026-05-06 11:50:29","invoice":26214306,"row":263,"excel_name":"Hazara mart","excel_ntn":"1330225047089","matched_party_id":516,"matched_party_name":"Hazara mart","matched_party_ntn":"1330225047089","matched_company_id":10,"note":"created_party"}
{"timestamp":"2026-05-06 11:50:29","invoice":26214307,"row":274,"excel_name":"Mughal Tuck Shop","excel_ntn":"1330203424595","matched_party_id":517,"matched_party_name":"Mughal Tuck Shop","matched_party_ntn":"1330203424595","matched_company_id":10,"note":"created_party"}
{"timestamp":"2026-05-06 11:50:29","invoice":26214309,"row":283,"excel_name":"SAYED G\/S -2","excel_ntn":"1111111","matched_party_id":487,"matched_party_name":"City Baker","matched_party_ntn":"1111111","matched_company_id":10,"note":"name_mismatch_before_throw"}
{"timestamp":"2026-05-06 11:50:29","invoice":26214310,"row":289,"excel_name":"Nomi Traders","excel_ntn":"1111111","matched_party_id":487,"matched_party_name":"City Baker","matched_party_ntn":"1111111","matched_company_id":10,"note":"name_mismatch_before_throw"}
{"timestamp":"2026-05-06 11:50:29","invoice":26214311,"row":305,"excel_name":"SAHID K\/S","excel_ntn":"1111111","matched_party_id":487,"matched_party_name":"City Baker","matched_party_ntn":"1111111","matched_company_id":10,"note":"name_mismatch_before_throw"}
{"timestamp":"2026-05-06 11:50:29","invoice":26214312,"row":308,"excel_name":"REHAM NAWAZ K\/S","excel_ntn":"1111111","matched_party_id":487,"matched_party_name":"City Baker","matched_party_ntn":"1111111","matched_company_id":10,"note":"name_mismatch_before_throw"}
{"timestamp":"2026-05-06 11:50:29","invoice":26214313,"row":316,"excel_name":"Noman Tuck Shop","excel_ntn":"1111111","matched_party_id":487,"matched_party_name":"City Baker","matched_party_ntn":"1111111","matched_company_id":10,"note":"name_mismatch_before_throw"}
{"timestamp":"2026-05-06 11:50:29","invoice":26214314,"row":322,"excel_name":"ZAIN G BAKERZ","excel_ntn":"1111111","matched_party_id":487,"matched_party_name":"City Baker","matched_party_ntn":"1111111","matched_company_id":10,"note":"name_mismatch_before_throw"}
{"timestamp":"2026-05-06 11:50:29","invoice":26214315,"row":327,"excel_name":"khalid G\/S","excel_ntn":"1111111","matched_party_id":487,"matched_party_name":"City Baker","matched_party_ntn":"1111111","matched_company_id":10,"note":"name_mismatch_before_throw"}
{"timestamp":"2026-05-06 11:50:29","invoice":26214316,"row":338,"excel_name":"AKHTAR K\/S","excel_ntn":"1111111","matched_party_id":487,"matched_party_name":"City Baker","matched_party_ntn":"1111111","matched_company_id":10,"note":"name_mismatch_before_throw"}
{"timestamp":"2026-05-06 11:50:29","invoice":26214317,"row":344,"excel_name":"NAHEEM K\/S","excel_ntn":"1111111","matched_party_id":487,"matched_party_name":"City Baker","matched_party_ntn":"1111111","matched_company_id":10,"note":"name_mismatch_before_throw"}
{"timestamp":"2026-05-06 11:50:29","invoice":26214318,"row":354,"excel_name":"Ijaz K\/S","excel_ntn":"1111111","matched_party_id":487,"matched_party_name":"City Baker","matched_party_ntn":"1111111","matched_company_id":10,"note":"name_mismatch_before_throw"}
{"timestamp":"2026-05-06 11:50:29","invoice":26214319,"row":361,"excel_name":"Haseeb K\/S","excel_ntn":"1111111","matched_party_id":487,"matched_party_name":"City Baker","matched_party_ntn":"1111111","matched_company_id":10,"note":"name_mismatch_before_throw"}
{"timestamp":"2026-05-06 11:50:29","invoice":26214320,"row":364,"excel_name":"Ehtisham K\/S","excel_ntn":"1111111","matched_party_id":487,"matched_party_name":"City Baker","matched_party_ntn":"1111111","matched_company_id":10,"note":"name_mismatch_before_throw"}
{"timestamp":"2026-05-06 11:50:29","invoice":26214321,"row":367,"excel_name":"Mushtaq k\/s","excel_ntn":"1111111","matched_party_id":487,"matched_party_name":"City Baker","matched_party_ntn":"1111111","matched_company_id":10,"note":"name_mismatch_before_throw"}
{"timestamp":"2026-05-06 11:50:29","invoice":26214322,"row":370,"excel_name":"WAQAR TUCK SHOP","excel_ntn":"1111111","matched_party_id":487,"matched_party_name":"City Baker","matched_party_ntn":"1111111","matched_company_id":10,"note":"name_mismatch_before_throw"}
{"timestamp":"2026-05-06 11:50:29","invoice":26214323,"row":371,"excel_name":"Mughal K\/S","excel_ntn":"1111111","matched_party_id":487,"matched_party_name":"City Baker","matched_party_ntn":"1111111","matched_company_id":10,"note":"name_mismatch_before_throw"}
{"timestamp":"2026-05-06 11:50:29","invoice":26214324,"row":381,"excel_name":"Ideal G\/s","excel_ntn":"1330254252797","matched_party_id":518,"matched_party_name":"Ideal G\/s","matched_party_ntn":"1330254252797","matched_company_id":10,"note":"created_party"}
{"timestamp":"2026-05-06 11:50:29","invoice":26214325,"row":389,"excel_name":"Muraad Sweet","excel_ntn":"A259255","matched_party_id":519,"matched_party_name":"Muraad Sweet","matched_party_ntn":"A259255","matched_company_id":10,"note":"created_party"}
{"timestamp":"2026-05-06 11:50:29","invoice":26214326,"row":398,"excel_name":"Kashmir baker 2","excel_ntn":"E214420","matched_party_id":520,"matched_party_name":"Kashmir baker 2","matched_party_ntn":"E214420","matched_company_id":10,"note":"created_party"}
{"timestamp":"2026-05-06 11:50:29","invoice":26214327,"row":407,"excel_name":"Asim book","excel_ntn":"1330204190469","matched_party_id":521,"matched_party_name":"Asim book","matched_party_ntn":"1330204190469","matched_company_id":10,"note":"created_party"}
{"timestamp":"2026-05-06 11:50:29","invoice":26214328,"row":408,"excel_name":"MOON LIGHT","excel_ntn":"1330204443139","matched_party_id":522,"matched_party_name":"MOON LIGHT","matched_party_ntn":"1330204443139","matched_company_id":10,"note":"created_party"}
{"timestamp":"2026-05-06 11:50:29","invoice":26214329,"row":413,"excel_name":"MOON LIGHT","excel_ntn":"1330204443139","matched_party_id":522,"matched_party_name":"MOON LIGHT","matched_party_ntn":"1330204443139","matched_company_id":10,"note":"used_existing_party"}
{"timestamp":"2026-05-06 11:50:29","invoice":26214331,"row":426,"excel_name":"U Mart","excel_ntn":"6294963","matched_party_id":523,"matched_party_name":"U Mart","matched_party_ntn":"6294963","matched_company_id":10,"note":"created_party"}
{"timestamp":"2026-05-06 11:50:29","invoice":26214351,"row":443,"excel_name":"Raja Bakery","excel_ntn":"8210255568685","matched_party_id":524,"matched_party_name":"Raja Bakery","matched_party_ntn":"8210255568685","matched_company_id":10,"note":"created_party"}
{"timestamp":"2026-05-06 11:50:29","invoice":26214352,"row":451,"excel_name":"RAJA G\/S","excel_ntn":"1111111","matched_party_id":487,"matched_party_name":"City Baker","matched_party_ntn":"1111111","matched_company_id":10,"note":"name_mismatch_before_throw"}
{"timestamp":"2026-05-06 11:50:29","invoice":26214353,"row":460,"excel_name":"CHAKAI HOTEL","excel_ntn":"1111111","matched_party_id":487,"matched_party_name":"City Baker","matched_party_ntn":"1111111","matched_company_id":10,"note":"name_mismatch_before_throw"}
{"timestamp":"2026-05-06 11:50:29","invoice":26214354,"row":465,"excel_name":"Ahmad K\/S","excel_ntn":"1111111","matched_party_id":487,"matched_party_name":"City Baker","matched_party_ntn":"1111111","matched_company_id":10,"note":"name_mismatch_before_throw"}
{"timestamp":"2026-05-06 11:50:29","invoice":26214355,"row":467,"excel_name":"M-S G\/S","excel_ntn":"1111111","matched_party_id":487,"matched_party_name":"City Baker","matched_party_ntn":"1111111","matched_company_id":10,"note":"name_mismatch_before_throw"}
{"timestamp":"2026-05-06 11:50:30","invoice":26214356,"row":472,"excel_name":"Abdul Hameed","excel_ntn":"1330205166129","matched_party_id":525,"matched_party_name":"Abdul Hameed","matched_party_ntn":"1330205166129","matched_company_id":10,"note":"created_party"}
{"timestamp":"2026-05-06 11:50:30","invoice":26214357,"row":473,"excel_name":"YASIR RASHEED","excel_ntn":"1111111","matched_party_id":487,"matched_party_name":"City Baker","matched_party_ntn":"1111111","matched_company_id":10,"note":"name_mismatch_before_throw"}
{"timestamp":"2026-05-06 11:50:30","invoice":26214358,"row":481,"excel_name":"MALAK G\/S","excel_ntn":"1111111","matched_party_id":487,"matched_party_name":"City Baker","matched_party_ntn":"1111111","matched_company_id":10,"note":"name_mismatch_before_throw"}
{"timestamp":"2026-05-06 11:50:30","invoice":26214359,"row":484,"excel_name":"MARHABA BAKERY 1","excel_ntn":"1111111","matched_party_id":487,"matched_party_name":"City Baker","matched_party_ntn":"1111111","matched_company_id":10,"note":"name_mismatch_before_throw"}
{"timestamp":"2026-05-06 11:50:30","invoice":26214360,"row":492,"excel_name":"ZAIN SWEET","excel_ntn":"1111111","matched_party_id":487,"matched_party_name":"City Baker","matched_party_ntn":"1111111","matched_company_id":10,"note":"name_mismatch_before_throw"}
{"timestamp":"2026-05-06 11:50:30","invoice":26214361,"row":511,"excel_name":"hafiz g\/s","excel_ntn":"1111111","matched_party_id":487,"matched_party_name":"City Baker","matched_party_ntn":"1111111","matched_company_id":10,"note":"name_mismatch_before_throw"}
{"timestamp":"2026-05-06 11:50:30","invoice":26214362,"row":513,"excel_name":"RAJA HAMAR BAKERZ","excel_ntn":"1111111","matched_party_id":487,"matched_party_name":"City Baker","matched_party_ntn":"1111111","matched_company_id":10,"note":"name_mismatch_before_throw"}
{"timestamp":"2026-05-06 11:50:30","invoice":26214363,"row":515,"excel_name":"Shazi Mart","excel_ntn":"1111111","matched_party_id":487,"matched_party_name":"City Baker","matched_party_ntn":"1111111","matched_company_id":10,"note":"name_mismatch_before_throw"}
{"timestamp":"2026-05-06 11:50:30","invoice":26214515,"row":519,"excel_name":"Itlian Mall 2","excel_ntn":"F793000","matched_party_id":526,"matched_party_name":"Itlian Mall 2","matched_party_ntn":"F793000","matched_company_id":10,"note":"created_party"}
{"timestamp":"2026-05-06 11:50:30","invoice":26214517,"row":538,"excel_name":"EHSAN GROCERY STORE","excel_ntn":"2320463","matched_party_id":527,"matched_party_name":"EHSAN GROCERY STORE","matched_party_ntn":"2320463","matched_company_id":10,"note":"created_party"}
{"timestamp":"2026-05-06 11:50:50","invoice":26214332,"row":2,"excel_name":"Kashmir Baker 1","excel_ntn":"3932730","matched_party_id":528,"matched_party_name":"Kashmir Baker 1","matched_party_ntn":"3932730","matched_company_id":10,"note":"created_party"}
{"timestamp":"2026-05-06 11:50:50","invoice":26214343,"row":9,"excel_name":"YOUSAF AYUB pump","excel_ntn":"3412733","matched_party_id":529,"matched_party_name":"YOUSAF AYUB pump","matched_party_ntn":"3412733","matched_company_id":10,"note":"created_party"}
{"timestamp":"2026-05-06 11:50:50","invoice":26214277,"row":13,"excel_name":"PAK AUSTRIA UNIVERSTY","excel_ntn":"F150397","matched_party_id":530,"matched_party_name":"PAK AUSTRIA UNIVERSTY","matched_party_ntn":"F150397","matched_company_id":10,"note":"created_party"}
{"timestamp":"2026-05-06 11:50:50","invoice":26214283,"row":26,"excel_name":"STUDENT TUCK SHOP","excel_ntn":"F150397","matched_party_id":530,"matched_party_name":"PAK AUSTRIA UNIVERSTY","matched_party_ntn":"F150397","matched_company_id":10,"note":"name_mismatch_before_throw"}
{"timestamp":"2026-05-06 11:50:50","invoice":26214286,"row":28,"excel_name":"BABU IKHLAQ TUCK SHOP","excel_ntn":"7136520","matched_party_id":531,"matched_party_name":"BABU IKHLAQ TUCK SHOP","matched_party_ntn":"7136520","matched_company_id":10,"note":"created_party"}
{"timestamp":"2026-05-06 11:50:51","invoice":26214291,"row":39,"excel_name":"Sadia Waqar Hosp","excel_ntn":"2192008","matched_party_id":532,"matched_party_name":"Sadia Waqar Hosp","matched_party_ntn":"2192008","matched_company_id":10,"note":"created_party"}
{"timestamp":"2026-05-06 11:50:51","invoice":26214292,"row":45,"excel_name":"MADINA GALI  R","excel_ntn":"8137122","matched_party_id":533,"matched_party_name":"MADINA GALI  R","matched_party_ntn":"8137122","matched_company_id":10,"note":"created_party"}
{"timestamp":"2026-05-06 11:50:51","invoice":26214294,"row":52,"excel_name":"REHMAN SWEETS","excel_ntn":"6878096","matched_party_id":534,"matched_party_name":"REHMAN SWEETS","matched_party_ntn":"6878096","matched_company_id":10,"note":"created_party"}
{"timestamp":"2026-05-06 11:50:51","invoice":26214295,"row":69,"excel_name":"WASEEM General Store","excel_ntn":"3953091","matched_party_id":535,"matched_party_name":"WASEEM General Store","matched_party_ntn":"3953091","matched_company_id":10,"note":"created_party"}
{"timestamp":"2026-05-06 11:50:51","invoice":26214296,"row":76,"excel_name":"USMAN G\/S","excel_ntn":"A889927","matched_party_id":536,"matched_party_name":"USMAN G\/S","matched_party_ntn":"A889927","matched_company_id":10,"note":"created_party"}
{"timestamp":"2026-05-06 11:50:51","invoice":26214298,"row":79,"excel_name":"REHAN STASHIONARY","excel_ntn":"G597151","matched_party_id":537,"matched_party_name":"REHAN STASHIONARY","matched_party_ntn":"G597151","matched_company_id":10,"note":"created_party"}
{"timestamp":"2026-05-06 11:50:52","invoice":26214299,"row":92,"excel_name":"NOMI KIRYANA","excel_ntn":"3354919","matched_party_id":538,"matched_party_name":"NOMI KIRYANA","matched_party_ntn":"3354919","matched_company_id":10,"note":"created_party"}
{"timestamp":"2026-05-06 11:50:52","invoice":26214300,"row":104,"excel_name":"MARHBA GENERAL STORE","excel_ntn":"6466126","matched_party_id":539,"matched_party_name":"MARHBA GENERAL STORE","matched_party_ntn":"6466126","matched_company_id":10,"note":"created_party"}
{"timestamp":"2026-05-06 11:50:52","invoice":26214301,"row":111,"excel_name":"Mani General Store","excel_ntn":"4969640","matched_party_id":540,"matched_party_name":"Mani General Store","matched_party_ntn":"4969640","matched_company_id":10,"note":"created_party"}
{"timestamp":"2026-05-06 11:50:52","invoice":26214302,"row":122,"excel_name":"Hafiz sweet Bakery","excel_ntn":"6988166","matched_party_id":541,"matched_party_name":"Hafiz sweet Bakery","matched_party_ntn":"6988166","matched_company_id":10,"note":"created_party"}
{"timestamp":"2026-05-06 11:50:52","invoice":26214304,"row":127,"excel_name":"Alnor Cosmatics","excel_ntn":"8788676","matched_party_id":542,"matched_party_name":"Alnor Cosmatics","matched_party_ntn":"8788676","matched_company_id":10,"note":"created_party"}
{"timestamp":"2026-05-06 11:50:52","invoice":26214325,"row":135,"excel_name":"Muraad Sweet","excel_ntn":"A259255","matched_party_id":543,"matched_party_name":"Muraad Sweet","matched_party_ntn":"A259255","matched_company_id":10,"note":"created_party"}
{"timestamp":"2026-05-06 11:50:52","invoice":26214326,"row":144,"excel_name":"Kashmir baker 2","excel_ntn":"E214420","matched_party_id":544,"matched_party_name":"Kashmir baker 2","matched_party_ntn":"E214420","matched_company_id":10,"note":"created_party"}
{"timestamp":"2026-05-06 11:50:52","invoice":26214331,"row":153,"excel_name":"U Mart","excel_ntn":"6294963","matched_party_id":545,"matched_party_name":"U Mart","matched_party_ntn":"6294963","matched_company_id":10,"note":"created_party"}
{"timestamp":"2026-05-06 11:50:52","invoice":26214515,"row":169,"excel_name":"Itlian Mall 2","excel_ntn":"F793000","matched_party_id":546,"matched_party_name":"Itlian Mall 2","matched_party_ntn":"F793000","matched_company_id":10,"note":"created_party"}
{"timestamp":"2026-05-06 11:50:52","invoice":26214517,"row":180,"excel_name":"EHSAN GROCERY STORE","excel_ntn":"2320463","matched_party_id":547,"matched_party_name":"EHSAN GROCERY STORE","matched_party_ntn":"2320463","matched_company_id":10,"note":"created_party"}
{"timestamp":"2026-05-06 12:00:03","invoice":26214332,"row":2,"excel_name":"Kashmir Baker 1","excel_ntn":"3932730","matched_party_id":548,"matched_party_name":"Kashmir Baker 1","matched_party_ntn":"3932730","matched_company_id":10,"note":"created_party"}
{"timestamp":"2026-05-06 12:00:03","invoice":26214343,"row":9,"excel_name":"YOUSAF AYUB pump","excel_ntn":"3412733","matched_party_id":549,"matched_party_name":"YOUSAF AYUB pump","matched_party_ntn":"3412733","matched_company_id":10,"note":"created_party"}
{"timestamp":"2026-05-06 12:00:03","invoice":26214277,"row":13,"excel_name":"PAK AUSTRIA UNIVERSTY","excel_ntn":"F1503971","matched_party_id":550,"matched_party_name":"PAK AUSTRIA UNIVERSTY","matched_party_ntn":"F1503971","matched_company_id":10,"note":"created_party"}
{"timestamp":"2026-05-06 12:00:03","invoice":26214277,"row":14,"excel_name":"PAK AUSTRIA UNIVERSTY","excel_ntn":"F1503972","matched_party_id":550,"matched_party_name":"PAK AUSTRIA UNIVERSTY","matched_party_ntn":"F1503971","matched_company_id":10,"note":"invoice_multiple_ntn"}
{"timestamp":"2026-05-06 12:00:03","invoice":26214283,"row":26,"excel_name":"STUDENT TUCK SHOP","excel_ntn":"F15039744","matched_party_id":551,"matched_party_name":"STUDENT TUCK SHOP","matched_party_ntn":"F15039744","matched_company_id":10,"note":"created_party"}
{"timestamp":"2026-05-06 12:00:03","invoice":26214283,"row":27,"excel_name":"STUDENT TUCK SHOP","excel_ntn":"F15039755","matched_party_id":551,"matched_party_name":"STUDENT TUCK SHOP","matched_party_ntn":"F15039744","matched_company_id":10,"note":"invoice_multiple_ntn"}
{"timestamp":"2026-05-06 12:00:03","invoice":26214286,"row":28,"excel_name":"BABU IKHLAQ TUCK SHOP","excel_ntn":"7136520","matched_party_id":552,"matched_party_name":"BABU IKHLAQ TUCK SHOP","matched_party_ntn":"7136520","matched_company_id":10,"note":"created_party"}
{"timestamp":"2026-05-06 12:00:03","invoice":26214291,"row":39,"excel_name":"Sadia Waqar Hosp","excel_ntn":"2192008","matched_party_id":553,"matched_party_name":"Sadia Waqar Hosp","matched_party_ntn":"2192008","matched_company_id":10,"note":"created_party"}
{"timestamp":"2026-05-06 12:00:04","invoice":26214292,"row":45,"excel_name":"MADINA GALI  R","excel_ntn":"8137122","matched_party_id":554,"matched_party_name":"MADINA GALI  R","matched_party_ntn":"8137122","matched_company_id":10,"note":"created_party"}
{"timestamp":"2026-05-06 12:00:04","invoice":26214294,"row":52,"excel_name":"REHMAN SWEETS","excel_ntn":"6878096","matched_party_id":555,"matched_party_name":"REHMAN SWEETS","matched_party_ntn":"6878096","matched_company_id":10,"note":"created_party"}
{"timestamp":"2026-05-06 12:00:04","invoice":26214295,"row":69,"excel_name":"WASEEM General Store","excel_ntn":"3953091","matched_party_id":556,"matched_party_name":"WASEEM General Store","matched_party_ntn":"3953091","matched_company_id":10,"note":"created_party"}
{"timestamp":"2026-05-06 12:00:04","invoice":26214296,"row":76,"excel_name":"USMAN G\/S","excel_ntn":"A889927","matched_party_id":557,"matched_party_name":"USMAN G\/S","matched_party_ntn":"A889927","matched_company_id":10,"note":"created_party"}
{"timestamp":"2026-05-06 12:00:04","invoice":26214298,"row":79,"excel_name":"REHAN STASHIONARY","excel_ntn":"G597151","matched_party_id":558,"matched_party_name":"REHAN STASHIONARY","matched_party_ntn":"G597151","matched_company_id":10,"note":"created_party"}
{"timestamp":"2026-05-06 12:00:04","invoice":26214299,"row":92,"excel_name":"NOMI KIRYANA","excel_ntn":"3354919","matched_party_id":559,"matched_party_name":"NOMI KIRYANA","matched_party_ntn":"3354919","matched_company_id":10,"note":"created_party"}
{"timestamp":"2026-05-06 12:00:05","invoice":26214300,"row":104,"excel_name":"MARHBA GENERAL STORE","excel_ntn":"6466126","matched_party_id":560,"matched_party_name":"MARHBA GENERAL STORE","matched_party_ntn":"6466126","matched_company_id":10,"note":"created_party"}
{"timestamp":"2026-05-06 12:00:05","invoice":26214301,"row":111,"excel_name":"Mani General Store","excel_ntn":"4969640","matched_party_id":561,"matched_party_name":"Mani General Store","matched_party_ntn":"4969640","matched_company_id":10,"note":"created_party"}
{"timestamp":"2026-05-06 12:00:05","invoice":26214302,"row":122,"excel_name":"Hafiz sweet Bakery","excel_ntn":"6988166","matched_party_id":562,"matched_party_name":"Hafiz sweet Bakery","matched_party_ntn":"6988166","matched_company_id":10,"note":"created_party"}
{"timestamp":"2026-05-06 12:00:05","invoice":26214304,"row":127,"excel_name":"Alnor Cosmatics","excel_ntn":"8788676","matched_party_id":563,"matched_party_name":"Alnor Cosmatics","matched_party_ntn":"8788676","matched_company_id":10,"note":"created_party"}
{"timestamp":"2026-05-06 12:00:05","invoice":26214325,"row":135,"excel_name":"Muraad Sweet","excel_ntn":"A259255","matched_party_id":564,"matched_party_name":"Muraad Sweet","matched_party_ntn":"A259255","matched_company_id":10,"note":"created_party"}
{"timestamp":"2026-05-06 12:00:05","invoice":26214326,"row":144,"excel_name":"Kashmir baker 2","excel_ntn":"E214420","matched_party_id":565,"matched_party_name":"Kashmir baker 2","matched_party_ntn":"E214420","matched_company_id":10,"note":"created_party"}
{"timestamp":"2026-05-06 12:00:05","invoice":26214331,"row":153,"excel_name":"U Mart","excel_ntn":"6294963","matched_party_id":566,"matched_party_name":"U Mart","matched_party_ntn":"6294963","matched_company_id":10,"note":"created_party"}
{"timestamp":"2026-05-06 12:00:05","invoice":26214515,"row":169,"excel_name":"Itlian Mall 2","excel_ntn":"F793000","matched_party_id":567,"matched_party_name":"Itlian Mall 2","matched_party_ntn":"F793000","matched_company_id":10,"note":"created_party"}
{"timestamp":"2026-05-06 12:00:05","invoice":26214517,"row":180,"excel_name":"EHSAN GROCERY STORE","excel_ntn":"2320463","matched_party_id":568,"matched_party_name":"EHSAN GROCERY STORE","matched_party_ntn":"2320463","matched_company_id":10,"note":"created_party"}
{"timestamp":"2026-05-06 12:16:06","invoice":26214332,"row":2,"excel_name":"Kashmir Baker 1","excel_ntn":"3932730","matched_party_id":569,"matched_party_name":"Kashmir Baker 1","matched_party_ntn":"3932730","matched_company_id":10,"note":"created_party"}
{"timestamp":"2026-05-06 12:16:07","invoice":26214343,"row":9,"excel_name":"YOUSAF AYUB pump","excel_ntn":"3412733","matched_party_id":570,"matched_party_name":"YOUSAF AYUB pump","matched_party_ntn":"3412733","matched_company_id":10,"note":"created_party"}
{"timestamp":"2026-05-06 12:16:07","invoice":26214277,"row":13,"excel_name":"PAK AUSTRIA UNIVERSTY","excel_ntn":"F1503971","matched_party_id":571,"matched_party_name":"PAK AUSTRIA UNIVERSTY","matched_party_ntn":"F1503971","matched_company_id":10,"note":"created_party"}
{"timestamp":"2026-05-06 12:16:07","invoice":26214277,"row":14,"excel_name":"PAK AUSTRIA UNIVERSTY","excel_ntn":"F1503972","matched_party_id":571,"matched_party_name":"PAK AUSTRIA UNIVERSTY","matched_party_ntn":"F1503971","matched_company_id":10,"note":"invoice_multiple_party_mismatch"}
{"timestamp":"2026-05-06 12:16:07","invoice":26214283,"row":26,"excel_name":"STUDENT TUCK SHOP","excel_ntn":"F15039744","matched_party_id":572,"matched_party_name":"STUDENT TUCK SHOP","matched_party_ntn":"F15039744","matched_company_id":10,"note":"created_party"}
{"timestamp":"2026-05-06 12:16:07","invoice":26214283,"row":27,"excel_name":"STUDENT TUCK SHOP","excel_ntn":"F15039755","matched_party_id":572,"matched_party_name":"STUDENT TUCK SHOP","matched_party_ntn":"F15039744","matched_company_id":10,"note":"invoice_multiple_party_mismatch"}
{"timestamp":"2026-05-06 12:16:07","invoice":26214286,"row":28,"excel_name":"BABU IKHLAQ TUCK SHOP","excel_ntn":"7136520","matched_party_id":573,"matched_party_name":"BABU IKHLAQ TUCK SHOP","matched_party_ntn":"7136520","matched_company_id":10,"note":"created_party"}
{"timestamp":"2026-05-06 12:16:07","invoice":26214291,"row":39,"excel_name":"Sadia Waqar Hosp","excel_ntn":"2192008","matched_party_id":574,"matched_party_name":"Sadia Waqar Hosp","matched_party_ntn":"2192008","matched_company_id":10,"note":"created_party"}
{"timestamp":"2026-05-06 12:16:07","invoice":26214292,"row":45,"excel_name":"MADINA GALI  R","excel_ntn":"8137122","matched_party_id":575,"matched_party_name":"MADINA GALI  R","matched_party_ntn":"8137122","matched_company_id":10,"note":"created_party"}
{"timestamp":"2026-05-06 12:16:08","invoice":26214294,"row":52,"excel_name":"REHMAN SWEETS","excel_ntn":"6878096","matched_party_id":576,"matched_party_name":"REHMAN SWEETS","matched_party_ntn":"6878096","matched_company_id":10,"note":"created_party"}
{"timestamp":"2026-05-06 12:16:08","invoice":26214295,"row":69,"excel_name":"WASEEM General Store","excel_ntn":"3953091","matched_party_id":577,"matched_party_name":"WASEEM General Store","matched_party_ntn":"3953091","matched_company_id":10,"note":"created_party"}
{"timestamp":"2026-05-06 12:16:08","invoice":26214296,"row":76,"excel_name":"USMAN G\/S","excel_ntn":"A889927","matched_party_id":578,"matched_party_name":"USMAN G\/S","matched_party_ntn":"A889927","matched_company_id":10,"note":"created_party"}
{"timestamp":"2026-05-06 12:16:08","invoice":26214298,"row":79,"excel_name":"REHAN STASHIONARY","excel_ntn":"G597151","matched_party_id":579,"matched_party_name":"REHAN STASHIONARY","matched_party_ntn":"G597151","matched_company_id":10,"note":"created_party"}
{"timestamp":"2026-05-06 12:16:08","invoice":26214299,"row":92,"excel_name":"NOMI KIRYANA","excel_ntn":"3354919","matched_party_id":580,"matched_party_name":"NOMI KIRYANA","matched_party_ntn":"3354919","matched_company_id":10,"note":"created_party"}
{"timestamp":"2026-05-06 12:16:08","invoice":26214300,"row":104,"excel_name":"MARHBA GENERAL STORE","excel_ntn":"6466126","matched_party_id":581,"matched_party_name":"MARHBA GENERAL STORE","matched_party_ntn":"6466126","matched_company_id":10,"note":"created_party"}
{"timestamp":"2026-05-06 12:16:08","invoice":26214301,"row":111,"excel_name":"Mani General Store","excel_ntn":"4969640","matched_party_id":582,"matched_party_name":"Mani General Store","matched_party_ntn":"4969640","matched_company_id":10,"note":"created_party"}
{"timestamp":"2026-05-06 12:16:08","invoice":26214302,"row":122,"excel_name":"Hafiz sweet Bakery","excel_ntn":"6988166","matched_party_id":583,"matched_party_name":"Hafiz sweet Bakery","matched_party_ntn":"6988166","matched_company_id":10,"note":"created_party"}
{"timestamp":"2026-05-06 12:16:08","invoice":26214304,"row":127,"excel_name":"Alnor Cosmatics","excel_ntn":"8788676","matched_party_id":584,"matched_party_name":"Alnor Cosmatics","matched_party_ntn":"8788676","matched_company_id":10,"note":"created_party"}
{"timestamp":"2026-05-06 12:16:08","invoice":26214325,"row":135,"excel_name":"Muraad Sweet","excel_ntn":"A259255","matched_party_id":585,"matched_party_name":"Muraad Sweet","matched_party_ntn":"A259255","matched_company_id":10,"note":"created_party"}
{"timestamp":"2026-05-06 12:16:08","invoice":26214326,"row":144,"excel_name":"Kashmir baker 2","excel_ntn":"E214420","matched_party_id":586,"matched_party_name":"Kashmir baker 2","matched_party_ntn":"E214420","matched_company_id":10,"note":"created_party"}
{"timestamp":"2026-05-06 12:16:08","invoice":26214331,"row":153,"excel_name":"U Mart","excel_ntn":"6294963","matched_party_id":587,"matched_party_name":"U Mart","matched_party_ntn":"6294963","matched_company_id":10,"note":"created_party"}
{"timestamp":"2026-05-06 12:16:08","invoice":26214515,"row":169,"excel_name":"Itlian Mall 2","excel_ntn":"F793000","matched_party_id":588,"matched_party_name":"Itlian Mall 2","matched_party_ntn":"F793000","matched_company_id":10,"note":"created_party"}
{"timestamp":"2026-05-06 12:16:08","invoice":26214517,"row":180,"excel_name":"EHSAN GROCERY STORE","excel_ntn":"2320463","matched_party_id":589,"matched_party_name":"EHSAN GROCERY STORE","matched_party_ntn":"2320463","matched_company_id":10,"note":"created_party"}
{"timestamp":"2026-05-06 12:18:07","invoice":26214332,"row":2,"excel_name":"Kashmir Baker 1","excel_ntn":"3932730","matched_party_id":590,"matched_party_name":"Kashmir Baker 1","matched_party_ntn":"3932730","matched_company_id":10,"note":"created_party"}
{"timestamp":"2026-05-06 12:18:07","invoice":26214343,"row":9,"excel_name":"YOUSAF AYUB pump","excel_ntn":"3412733","matched_party_id":591,"matched_party_name":"YOUSAF AYUB pump","matched_party_ntn":"3412733","matched_company_id":10,"note":"created_party"}
{"timestamp":"2026-05-06 12:18:07","invoice":26214277,"row":13,"excel_name":"PAK AUSTRIA UNIVERSTY","excel_ntn":"F150397","matched_party_id":592,"matched_party_name":"PAK AUSTRIA UNIVERSTY","matched_party_ntn":"F150397","matched_company_id":10,"note":"created_party"}
{"timestamp":"2026-05-06 12:18:07","invoice":26214283,"row":26,"excel_name":"STUDENT TUCK SHOP","excel_ntn":"F150397","matched_party_id":593,"matched_party_name":"STUDENT TUCK SHOP","matched_party_ntn":"F150397","matched_company_id":10,"note":"created_party"}
{"timestamp":"2026-05-06 12:18:07","invoice":26214286,"row":28,"excel_name":"BABU IKHLAQ TUCK SHOP","excel_ntn":"7136520","matched_party_id":594,"matched_party_name":"BABU IKHLAQ TUCK SHOP","matched_party_ntn":"7136520","matched_company_id":10,"note":"created_party"}
{"timestamp":"2026-05-06 12:18:07","invoice":26214291,"row":39,"excel_name":"Sadia Waqar Hosp","excel_ntn":"2192008","matched_party_id":595,"matched_party_name":"Sadia Waqar Hosp","matched_party_ntn":"2192008","matched_company_id":10,"note":"created_party"}
{"timestamp":"2026-05-06 12:18:07","invoice":26214292,"row":45,"excel_name":"MADINA GALI  R","excel_ntn":"8137122","matched_party_id":596,"matched_party_name":"MADINA GALI  R","matched_party_ntn":"8137122","matched_company_id":10,"note":"created_party"}
{"timestamp":"2026-05-06 12:18:07","invoice":26214294,"row":52,"excel_name":"REHMAN SWEETS","excel_ntn":"6878096","matched_party_id":597,"matched_party_name":"REHMAN SWEETS","matched_party_ntn":"6878096","matched_company_id":10,"note":"created_party"}
{"timestamp":"2026-05-06 12:18:07","invoice":26214295,"row":69,"excel_name":"WASEEM General Store","excel_ntn":"3953091","matched_party_id":598,"matched_party_name":"WASEEM General Store","matched_party_ntn":"3953091","matched_company_id":10,"note":"created_party"}
{"timestamp":"2026-05-06 12:18:07","invoice":26214296,"row":76,"excel_name":"USMAN G\/S","excel_ntn":"A889927","matched_party_id":599,"matched_party_name":"USMAN G\/S","matched_party_ntn":"A889927","matched_company_id":10,"note":"created_party"}
{"timestamp":"2026-05-06 12:18:08","invoice":26214298,"row":79,"excel_name":"REHAN STASHIONARY","excel_ntn":"G597151","matched_party_id":600,"matched_party_name":"REHAN STASHIONARY","matched_party_ntn":"G597151","matched_company_id":10,"note":"created_party"}
{"timestamp":"2026-05-06 12:18:08","invoice":26214299,"row":92,"excel_name":"NOMI KIRYANA","excel_ntn":"3354919","matched_party_id":601,"matched_party_name":"NOMI KIRYANA","matched_party_ntn":"3354919","matched_company_id":10,"note":"created_party"}
{"timestamp":"2026-05-06 12:18:08","invoice":26214300,"row":104,"excel_name":"MARHBA GENERAL STORE","excel_ntn":"6466126","matched_party_id":602,"matched_party_name":"MARHBA GENERAL STORE","matched_party_ntn":"6466126","matched_company_id":10,"note":"created_party"}
{"timestamp":"2026-05-06 12:18:08","invoice":26214301,"row":111,"excel_name":"Mani General Store","excel_ntn":"4969640","matched_party_id":603,"matched_party_name":"Mani General Store","matched_party_ntn":"4969640","matched_company_id":10,"note":"created_party"}
{"timestamp":"2026-05-06 12:18:08","invoice":26214302,"row":122,"excel_name":"Hafiz sweet Bakery","excel_ntn":"6988166","matched_party_id":604,"matched_party_name":"Hafiz sweet Bakery","matched_party_ntn":"6988166","matched_company_id":10,"note":"created_party"}
{"timestamp":"2026-05-06 12:18:08","invoice":26214304,"row":127,"excel_name":"Alnor Cosmatics","excel_ntn":"8788676","matched_party_id":605,"matched_party_name":"Alnor Cosmatics","matched_party_ntn":"8788676","matched_company_id":10,"note":"created_party"}
{"timestamp":"2026-05-06 12:18:08","invoice":26214325,"row":135,"excel_name":"Muraad Sweet","excel_ntn":"A259255","matched_party_id":606,"matched_party_name":"Muraad Sweet","matched_party_ntn":"A259255","matched_company_id":10,"note":"created_party"}
{"timestamp":"2026-05-06 12:18:08","invoice":26214326,"row":144,"excel_name":"Kashmir baker 2","excel_ntn":"E214420","matched_party_id":607,"matched_party_name":"Kashmir baker 2","matched_party_ntn":"E214420","matched_company_id":10,"note":"created_party"}
{"timestamp":"2026-05-06 12:18:08","invoice":26214331,"row":153,"excel_name":"U Mart","excel_ntn":"6294963","matched_party_id":608,"matched_party_name":"U Mart","matched_party_ntn":"6294963","matched_company_id":10,"note":"created_party"}
{"timestamp":"2026-05-06 12:18:08","invoice":26214515,"row":169,"excel_name":"Itlian Mall 2","excel_ntn":"F793000","matched_party_id":609,"matched_party_name":"Itlian Mall 2","matched_party_ntn":"F793000","matched_company_id":10,"note":"created_party"}
{"timestamp":"2026-05-06 12:18:08","invoice":26214517,"row":180,"excel_name":"EHSAN GROCERY STORE","excel_ntn":"2320463","matched_party_id":610,"matched_party_name":"EHSAN GROCERY STORE","matched_party_ntn":"2320463","matched_company_id":10,"note":"created_party"}
{"timestamp":"2026-05-06 12:31:28","invoice":26214332,"row":2,"excel_name":"Kashmir Baker 1","excel_ntn":"3932730","matched_party_id":590,"matched_party_name":"Kashmir Baker 1","matched_party_ntn":"3932730","matched_company_id":10,"note":"used_existing_party"}
{"timestamp":"2026-05-06 12:31:28","invoice":26214343,"row":9,"excel_name":"YOUSAF AYUB pump","excel_ntn":"3412733","matched_party_id":591,"matched_party_name":"YOUSAF AYUB pump","matched_party_ntn":"3412733","matched_company_id":10,"note":"used_existing_party"}
{"timestamp":"2026-05-06 12:31:28","invoice":26214277,"row":13,"excel_name":"PAK AUSTRIA UNIVERSTY","excel_ntn":"F150397","matched_party_id":592,"matched_party_name":"PAK AUSTRIA UNIVERSTY","matched_party_ntn":"F150397","matched_company_id":10,"note":"used_existing_party"}
{"timestamp":"2026-05-06 12:31:28","invoice":26214283,"row":26,"excel_name":"STUDENT TUCK SHOP","excel_ntn":"F150397","matched_party_id":593,"matched_party_name":"STUDENT TUCK SHOP","matched_party_ntn":"F150397","matched_company_id":10,"note":"used_existing_party"}
{"timestamp":"2026-05-06 12:31:29","invoice":26214286,"row":28,"excel_name":"BABU IKHLAQ TUCK SHOP","excel_ntn":"7136520","matched_party_id":594,"matched_party_name":"BABU IKHLAQ TUCK SHOP","matched_party_ntn":"7136520","matched_company_id":10,"note":"used_existing_party"}
{"timestamp":"2026-05-06 12:31:29","invoice":26214291,"row":39,"excel_name":"Sadia Waqar Hosp","excel_ntn":"2192008","matched_party_id":595,"matched_party_name":"Sadia Waqar Hosp","matched_party_ntn":"2192008","matched_company_id":10,"note":"used_existing_party"}
{"timestamp":"2026-05-06 12:31:29","invoice":26214292,"row":45,"excel_name":"MADINA GALI  R","excel_ntn":"8137122","matched_party_id":596,"matched_party_name":"MADINA GALI  R","matched_party_ntn":"8137122","matched_company_id":10,"note":"used_existing_party"}
{"timestamp":"2026-05-06 12:31:29","invoice":26214294,"row":52,"excel_name":"REHMAN SWEETS","excel_ntn":"6878096","matched_party_id":597,"matched_party_name":"REHMAN SWEETS","matched_party_ntn":"6878096","matched_company_id":10,"note":"used_existing_party"}
{"timestamp":"2026-05-06 12:31:29","invoice":26214295,"row":69,"excel_name":"WASEEM General Store","excel_ntn":"3953091","matched_party_id":598,"matched_party_name":"WASEEM General Store","matched_party_ntn":"3953091","matched_company_id":10,"note":"used_existing_party"}
{"timestamp":"2026-05-06 12:31:29","invoice":26214296,"row":76,"excel_name":"USMAN G\/S","excel_ntn":"A889927","matched_party_id":599,"matched_party_name":"USMAN G\/S","matched_party_ntn":"A889927","matched_company_id":10,"note":"used_existing_party"}
{"timestamp":"2026-05-06 12:31:29","invoice":26214298,"row":79,"excel_name":"REHAN STASHIONARY","excel_ntn":"G597151","matched_party_id":600,"matched_party_name":"REHAN STASHIONARY","matched_party_ntn":"G597151","matched_company_id":10,"note":"used_existing_party"}
{"timestamp":"2026-05-06 12:31:29","invoice":26214299,"row":92,"excel_name":"NOMI KIRYANA","excel_ntn":"3354919","matched_party_id":601,"matched_party_name":"NOMI KIRYANA","matched_party_ntn":"3354919","matched_company_id":10,"note":"used_existing_party"}
{"timestamp":"2026-05-06 12:31:29","invoice":26214300,"row":104,"excel_name":"MARHBA GENERAL STORE","excel_ntn":"6466126","matched_party_id":602,"matched_party_name":"MARHBA GENERAL STORE","matched_party_ntn":"6466126","matched_company_id":10,"note":"used_existing_party"}
{"timestamp":"2026-05-06 12:31:29","invoice":26214301,"row":111,"excel_name":"Mani General Store","excel_ntn":"4969640","matched_party_id":603,"matched_party_name":"Mani General Store","matched_party_ntn":"4969640","matched_company_id":10,"note":"used_existing_party"}
{"timestamp":"2026-05-06 12:31:29","invoice":26214302,"row":122,"excel_name":"Hafiz sweet Bakery","excel_ntn":"6988166","matched_party_id":604,"matched_party_name":"Hafiz sweet Bakery","matched_party_ntn":"6988166","matched_company_id":10,"note":"used_existing_party"}
{"timestamp":"2026-05-06 12:31:29","invoice":26214304,"row":127,"excel_name":"Alnor Cosmatics","excel_ntn":"8788676","matched_party_id":605,"matched_party_name":"Alnor Cosmatics","matched_party_ntn":"8788676","matched_company_id":10,"note":"used_existing_party"}
{"timestamp":"2026-05-06 12:31:29","invoice":26214325,"row":135,"excel_name":"Muraad Sweet","excel_ntn":"A259255","matched_party_id":606,"matched_party_name":"Muraad Sweet","matched_party_ntn":"A259255","matched_company_id":10,"note":"used_existing_party"}
{"timestamp":"2026-05-06 12:31:29","invoice":26214326,"row":144,"excel_name":"Kashmir baker 2","excel_ntn":"E214420","matched_party_id":607,"matched_party_name":"Kashmir baker 2","matched_party_ntn":"E214420","matched_company_id":10,"note":"used_existing_party"}
{"timestamp":"2026-05-06 12:31:29","invoice":26214331,"row":153,"excel_name":"U Mart","excel_ntn":"6294963","matched_party_id":608,"matched_party_name":"U Mart","matched_party_ntn":"6294963","matched_company_id":10,"note":"used_existing_party"}
{"timestamp":"2026-05-06 12:31:29","invoice":26214515,"row":169,"excel_name":"Itlian Mall 2","excel_ntn":"F793000","matched_party_id":609,"matched_party_name":"Itlian Mall 2","matched_party_ntn":"F793000","matched_company_id":10,"note":"used_existing_party"}
{"timestamp":"2026-05-06 12:31:29","invoice":26214517,"row":180,"excel_name":"EHSAN GROCERY STORE","excel_ntn":"2320463","matched_party_id":610,"matched_party_name":"EHSAN GROCERY STORE","matched_party_ntn":"2320463","matched_company_id":10,"note":"used_existing_party"}
{"timestamp":"2026-07-02 17:37:12","invoice":26055416,"row":8,"excel_name":"HamzaGS2","excel_ntn":"","matched_party_id":611,"matched_party_name":"Walking Customer","matched_party_ntn":"9999999","matched_company_id":10,"note":"invoice_multiple_party_mismatch"}
{"timestamp":"2026-07-02 17:37:12","invoice":26055423,"row":28,"excel_name":"DHQ Canteen","excel_ntn":"","matched_party_id":611,"matched_party_name":"Walking Customer","matched_party_ntn":"9999999","matched_company_id":10,"note":"invoice_multiple_party_mismatch"}
{"timestamp":"2026-07-02 17:37:12","invoice":26055424,"row":39,"excel_name":"ShahNawazKaryana","excel_ntn":"","matched_party_id":611,"matched_party_name":"Walking Customer","matched_party_ntn":"9999999","matched_company_id":10,"note":"invoice_multiple_party_mismatch"}
{"timestamp":"2026-07-02 17:37:12","invoice":26055425,"row":46,"excel_name":"SAMIGENERAL","excel_ntn":"","matched_party_id":611,"matched_party_name":"Walking Customer","matched_party_ntn":"9999999","matched_company_id":10,"note":"invoice_multiple_party_mismatch"}
{"timestamp":"2026-07-02 17:37:12","invoice":26055426,"row":59,"excel_name":"M.Dkaryana","excel_ntn":"","matched_party_id":611,"matched_party_name":"Walking Customer","matched_party_ntn":"9999999","matched_company_id":10,"note":"invoice_multiple_party_mismatch"}
{"timestamp":"2026-07-02 17:37:12","invoice":26055428,"row":62,"excel_name":"JANNATGULLkaryana","excel_ntn":"","matched_party_id":611,"matched_party_name":"Walking Customer","matched_party_ntn":"9999999","matched_company_id":10,"note":"invoice_multiple_party_mismatch"}
{"timestamp":"2026-07-02 17:37:12","invoice":26055438,"row":75,"excel_name":"786karyana","excel_ntn":"","matched_party_id":611,"matched_party_name":"Walking Customer","matched_party_ntn":"9999999","matched_company_id":10,"note":"invoice_multiple_party_mismatch"}
{"timestamp":"2026-07-02 17:37:12","invoice":26055447,"row":91,"excel_name":"Shoiabwhole sale","excel_ntn":"","matched_party_id":611,"matched_party_name":"Walking Customer","matched_party_ntn":"9999999","matched_company_id":10,"note":"invoice_multiple_party_mismatch"}
{"timestamp":"2026-07-02 17:37:12","invoice":26055449,"row":95,"excel_name":"Shaker derawhole sale","excel_ntn":"","matched_party_id":611,"matched_party_name":"Walking Customer","matched_party_ntn":"9999999","matched_company_id":10,"note":"invoice_multiple_party_mismatch"}
{"timestamp":"2026-07-02 17:37:12","invoice":26055451,"row":101,"excel_name":"Sajawal ks","excel_ntn":"","matched_party_id":611,"matched_party_name":"Walking Customer","matched_party_ntn":"9999999","matched_company_id":10,"note":"invoice_multiple_party_mismatch"}
{"timestamp":"2026-07-02 17:37:12","invoice":26055454,"row":106,"excel_name":"PakeezaKeryana store","excel_ntn":"","matched_party_id":611,"matched_party_name":"Walking Customer","matched_party_ntn":"9999999","matched_company_id":10,"note":"invoice_multiple_party_mismatch"}
{"timestamp":"2026-07-02 17:37:12","invoice":26055455,"row":110,"excel_name":"UbaidGeneralStore","excel_ntn":"","matched_party_id":611,"matched_party_name":"Walking Customer","matched_party_ntn":"9999999","matched_company_id":10,"note":"invoice_multiple_party_mismatch"}
{"timestamp":"2026-07-02 17:37:12","invoice":26055457,"row":126,"excel_name":"MalyarKeryana store","excel_ntn":"","matched_party_id":611,"matched_party_name":"Walking Customer","matched_party_ntn":"9999999","matched_company_id":10,"note":"invoice_multiple_party_mismatch"}
{"timestamp":"2026-07-02 17:37:12","invoice":26055462,"row":132,"excel_name":"InsafKeryana store","excel_ntn":"","matched_party_id":611,"matched_party_name":"Walking Customer","matched_party_ntn":"9999999","matched_company_id":10,"note":"invoice_multiple_party_mismatch"}
{"timestamp":"2026-07-02 17:37:12","invoice":26055468,"row":139,"excel_name":"Ghulam rasul Keryana store","excel_ntn":"","matched_party_id":611,"matched_party_name":"Walking Customer","matched_party_ntn":"9999999","matched_company_id":10,"note":"invoice_multiple_party_mismatch"}
{"timestamp":"2026-07-02 17:37:12","invoice":26055472,"row":152,"excel_name":"Danish Bakers","excel_ntn":"","matched_party_id":611,"matched_party_name":"Walking Customer","matched_party_ntn":"9999999","matched_company_id":10,"note":"invoice_multiple_party_mismatch"}
{"timestamp":"2026-07-02 17:37:12","invoice":26055474,"row":157,"excel_name":"Naseem gs","excel_ntn":"","matched_party_id":611,"matched_party_name":"Walking Customer","matched_party_ntn":"9999999","matched_company_id":10,"note":"invoice_multiple_party_mismatch"}
{"timestamp":"2026-07-02 17:37:12","invoice":26055475,"row":159,"excel_name":"Bashir gs","excel_ntn":"","matched_party_id":611,"matched_party_name":"Walking Customer","matched_party_ntn":"9999999","matched_company_id":10,"note":"invoice_multiple_party_mismatch"}
{"timestamp":"2026-07-02 17:37:12","invoice":26055478,"row":165,"excel_name":"BismillahC&C","excel_ntn":"","matched_party_id":611,"matched_party_name":"Walking Customer","matched_party_ntn":"9999999","matched_company_id":10,"note":"invoice_multiple_party_mismatch"}
{"timestamp":"2026-07-02 17:37:12","invoice":26055491,"row":184,"excel_name":"SajidCnadyLand","excel_ntn":"","matched_party_id":611,"matched_party_name":"Walking Customer","matched_party_ntn":"9999999","matched_company_id":10,"note":"invoice_multiple_party_mismatch"}
{"timestamp":"2026-07-02 17:37:13","invoice":26055502,"row":208,"excel_name":"Faraz","excel_ntn":"","matched_party_id":611,"matched_party_name":"Walking Customer","matched_party_ntn":"9999999","matched_company_id":10,"note":"invoice_multiple_party_mismatch"}
{"timestamp":"2026-07-02 17:37:13","invoice":26055507,"row":214,"excel_name":"786karyana","excel_ntn":"","matched_party_id":611,"matched_party_name":"Walking Customer","matched_party_ntn":"9999999","matched_company_id":10,"note":"invoice_multiple_party_mismatch"}
{"timestamp":"2026-07-02 17:37:13","invoice":26055508,"row":220,"excel_name":"E&RTraders","excel_ntn":"","matched_party_id":611,"matched_party_name":"Walking Customer","matched_party_ntn":"9999999","matched_company_id":10,"note":"invoice_multiple_party_mismatch"}
{"timestamp":"2026-07-02 17:37:13","invoice":26055509,"row":222,"excel_name":"786 Milk Shop","excel_ntn":"","matched_party_id":611,"matched_party_name":"Walking Customer","matched_party_ntn":"9999999","matched_company_id":10,"note":"invoice_multiple_party_mismatch"}
{"timestamp":"2026-07-02 17:37:13","invoice":26055510,"row":224,"excel_name":"Artillery  Centre","excel_ntn":"","matched_party_id":611,"matched_party_name":"Walking Customer","matched_party_ntn":"9999999","matched_company_id":10,"note":"invoice_multiple_party_mismatch"}
{"timestamp":"2026-07-02 17:37:13","invoice":26055511,"row":233,"excel_name":"MA Printing","excel_ntn":"","matched_party_id":611,"matched_party_name":"Walking Customer","matched_party_ntn":"9999999","matched_company_id":10,"note":"invoice_multiple_party_mismatch"}
{"timestamp":"2026-07-02 17:37:13","invoice":26055512,"row":235,"excel_name":"Gujjar Daries","excel_ntn":"","matched_party_id":611,"matched_party_name":"Walking Customer","matched_party_ntn":"9999999","matched_company_id":10,"note":"invoice_multiple_party_mismatch"}
{"timestamp":"2026-07-02 17:37:13","invoice":26055513,"row":238,"excel_name":"Haji Yousaf And Sons","excel_ntn":"","matched_party_id":611,"matched_party_name":"Walking Customer","matched_party_ntn":"9999999","matched_company_id":10,"note":"invoice_multiple_party_mismatch"}
{"timestamp":"2026-07-02 17:37:13","invoice":26055518,"row":245,"excel_name":"ShahidTukShop","excel_ntn":"","matched_party_id":611,"matched_party_name":"Walking Customer","matched_party_ntn":"9999999","matched_company_id":10,"note":"invoice_multiple_party_mismatch"}
{"timestamp":"2026-07-02 17:37:13","invoice":26055521,"row":250,"excel_name":"RafiqueMart","excel_ntn":"","matched_party_id":611,"matched_party_name":"Walking Customer","matched_party_ntn":"9999999","matched_company_id":10,"note":"invoice_multiple_party_mismatch"}
{"timestamp":"2026-07-02 17:37:13","invoice":26055522,"row":259,"excel_name":"DostMuhammadKs","excel_ntn":"","matched_party_id":611,"matched_party_name":"Walking Customer","matched_party_ntn":"9999999","matched_company_id":10,"note":"invoice_multiple_party_mismatch"}
{"timestamp":"2026-07-02 17:37:13","invoice":26055527,"row":274,"excel_name":"BismillahKS","excel_ntn":"","matched_party_id":611,"matched_party_name":"Walking Customer","matched_party_ntn":"9999999","matched_company_id":10,"note":"invoice_multiple_party_mismatch"}
{"timestamp":"2026-07-02 17:37:13","invoice":26055529,"row":284,"excel_name":"FrozenFuel","excel_ntn":"","matched_party_id":611,"matched_party_name":"Walking Customer","matched_party_ntn":"9999999","matched_company_id":10,"note":"invoice_multiple_party_mismatch"}
{"timestamp":"2026-07-02 17:37:13","invoice":26055530,"row":288,"excel_name":"AlJannatBakery","excel_ntn":"","matched_party_id":611,"matched_party_name":"Walking Customer","matched_party_ntn":"9999999","matched_company_id":10,"note":"invoice_multiple_party_mismatch"}
{"timestamp":"2026-07-02 17:37:13","invoice":26055532,"row":307,"excel_name":"Naqash pharmacy","excel_ntn":"","matched_party_id":611,"matched_party_name":"Walking Customer","matched_party_ntn":"9999999","matched_company_id":10,"note":"invoice_multiple_party_mismatch"}
{"timestamp":"2026-07-02 17:37:13","invoice":26055533,"row":309,"excel_name":"95 gs","excel_ntn":"","matched_party_id":611,"matched_party_name":"Walking Customer","matched_party_ntn":"9999999","matched_company_id":10,"note":"invoice_multiple_party_mismatch"}
{"timestamp":"2026-07-02 17:37:13","invoice":26055535,"row":314,"excel_name":"Khattak Keryana store","excel_ntn":"","matched_party_id":611,"matched_party_name":"Walking Customer","matched_party_ntn":"9999999","matched_company_id":10,"note":"invoice_multiple_party_mismatch"}
{"timestamp":"2026-07-02 17:37:13","invoice":26055536,"row":316,"excel_name":"Haji ArshadKeryana store","excel_ntn":"","matched_party_id":611,"matched_party_name":"Walking Customer","matched_party_ntn":"9999999","matched_company_id":10,"note":"invoice_multiple_party_mismatch"}
{"timestamp":"2026-07-02 17:37:13","invoice":26055564,"row":321,"excel_name":"RiazTraders","excel_ntn":"","matched_party_id":611,"matched_party_name":"Walking Customer","matched_party_ntn":"9999999","matched_company_id":10,"note":"invoice_multiple_party_mismatch"}
{"timestamp":"2026-07-02 17:37:13","invoice":26055565,"row":325,"excel_name":"MUZAFFARTRADERS","excel_ntn":"","matched_party_id":611,"matched_party_name":"Walking Customer","matched_party_ntn":"9999999","matched_company_id":10,"note":"invoice_multiple_party_mismatch"}
{"timestamp":"2026-07-02 17:37:13","invoice":26055566,"row":327,"excel_name":"Waseem Bakery","excel_ntn":"","matched_party_id":611,"matched_party_name":"Walking Customer","matched_party_ntn":"9999999","matched_company_id":10,"note":"invoice_multiple_party_mismatch"}
{"timestamp":"2026-07-02 17:37:13","invoice":26055567,"row":331,"excel_name":"Shareen MehalBakery","excel_ntn":"","matched_party_id":611,"matched_party_name":"Walking Customer","matched_party_ntn":"9999999","matched_company_id":10,"note":"invoice_multiple_party_mismatch"}
{"timestamp":"2026-07-02 17:37:13","invoice":26055568,"row":336,"excel_name":"RiazSweets&Wholesale","excel_ntn":"","matched_party_id":611,"matched_party_name":"Walking Customer","matched_party_ntn":"9999999","matched_company_id":10,"note":"invoice_multiple_party_mismatch"}
{"timestamp":"2026-07-02 17:37:13","invoice":26055569,"row":340,"excel_name":"AtifWholesale","excel_ntn":"","matched_party_id":611,"matched_party_name":"Walking Customer","matched_party_ntn":"9999999","matched_company_id":10,"note":"invoice_multiple_party_mismatch"}
{"timestamp":"2026-07-02 17:37:13","invoice":26055570,"row":348,"excel_name":"AsadBakery","excel_ntn":"","matched_party_id":611,"matched_party_name":"Walking Customer","matched_party_ntn":"9999999","matched_company_id":10,"note":"invoice_multiple_party_mismatch"}
{"timestamp":"2026-07-02 18:19:40","invoice":26055411,"row":2,"excel_name":"Ali Kiryana Store","excel_ntn":"9999999","matched_party_id":612,"matched_party_name":"Ali Kiryana Store","matched_party_ntn":"9999999","matched_company_id":10,"note":"created_party"}
{"timestamp":"2026-07-02 18:19:40","invoice":26055412,"row":3,"excel_name":"WAQAR K\/S","excel_ntn":"9999999","matched_party_id":613,"matched_party_name":"WAQAR K\/S","matched_party_ntn":"9999999","matched_company_id":10,"note":"created_party"}
{"timestamp":"2026-07-02 18:19:40","invoice":26055413,"row":4,"excel_name":"FatimaPH","excel_ntn":"9999999","matched_party_id":614,"matched_party_name":"FatimaPH","matched_party_ntn":"9999999","matched_company_id":10,"note":"created_party"}
{"timestamp":"2026-07-02 18:19:40","invoice":26055414,"row":5,"excel_name":"AL REHMAN","excel_ntn":"9999999","matched_party_id":615,"matched_party_name":"AL REHMAN","matched_party_ntn":"9999999","matched_company_id":10,"note":"created_party"}
{"timestamp":"2026-07-02 18:19:40","invoice":26055415,"row":6,"excel_name":"Kamran gs","excel_ntn":"9999999","matched_party_id":616,"matched_party_name":"Kamran gs","matched_party_ntn":"9999999","matched_company_id":10,"note":"created_party"}
{"timestamp":"2026-07-02 18:19:40","invoice":26055416,"row":7,"excel_name":"HamzaGS2","excel_ntn":"9999999","matched_party_id":617,"matched_party_name":"HamzaGS2","matched_party_ntn":"9999999","matched_company_id":10,"note":"created_party"}
{"timestamp":"2026-07-02 18:19:40","invoice":26055417,"row":22,"excel_name":"CityPharmacy","excel_ntn":"9999999","matched_party_id":618,"matched_party_name":"CityPharmacy","matched_party_ntn":"9999999","matched_company_id":10,"note":"created_party"}
{"timestamp":"2026-07-02 18:19:40","invoice":26055419,"row":23,"excel_name":"Abid ks","excel_ntn":"9999999","matched_party_id":619,"matched_party_name":"Abid ks","matched_party_ntn":"9999999","matched_company_id":10,"note":"created_party"}
{"timestamp":"2026-07-02 18:19:40","invoice":26055420,"row":24,"excel_name":"TAHIRkaryana","excel_ntn":"9999999","matched_party_id":620,"matched_party_name":"TAHIRkaryana","matched_party_ntn":"9999999","matched_company_id":10,"note":"created_party"}
{"timestamp":"2026-07-02 18:19:40","invoice":26055421,"row":25,"excel_name":"SHEHZADkaryana","excel_ntn":"9999999","matched_party_id":621,"matched_party_name":"SHEHZADkaryana","matched_party_ntn":"9999999","matched_company_id":10,"note":"created_party"}
{"timestamp":"2026-07-02 18:19:40","invoice":26055422,"row":26,"excel_name":"SHAHGkaryana","excel_ntn":"9999999","matched_party_id":622,"matched_party_name":"SHAHGkaryana","matched_party_ntn":"9999999","matched_company_id":10,"note":"created_party"}
{"timestamp":"2026-07-02 18:19:40","invoice":26055423,"row":27,"excel_name":"DHQ Canteen","excel_ntn":"9999999","matched_party_id":623,"matched_party_name":"DHQ Canteen","matched_party_ntn":"9999999","matched_company_id":10,"note":"created_party"}
{"timestamp":"2026-07-02 18:19:40","invoice":26055424,"row":38,"excel_name":"ShahNawazKaryana","excel_ntn":"9999999","matched_party_id":624,"matched_party_name":"ShahNawazKaryana","matched_party_ntn":"9999999","matched_company_id":10,"note":"created_party"}
{"timestamp":"2026-07-02 18:19:40","invoice":26055425,"row":45,"excel_name":"SAMIGENERAL","excel_ntn":"9999999","matched_party_id":625,"matched_party_name":"SAMIGENERAL","matched_party_ntn":"9999999","matched_company_id":10,"note":"created_party"}
{"timestamp":"2026-07-02 18:19:41","invoice":26055426,"row":58,"excel_name":"M.Dkaryana","excel_ntn":"9999999","matched_party_id":626,"matched_party_name":"M.Dkaryana","matched_party_ntn":"9999999","matched_company_id":10,"note":"created_party"}
{"timestamp":"2026-07-02 18:19:41","invoice":26055427,"row":60,"excel_name":"KHATTAKkaryana","excel_ntn":"9999999","matched_party_id":627,"matched_party_name":"KHATTAKkaryana","matched_party_ntn":"9999999","matched_company_id":10,"note":"created_party"}
{"timestamp":"2026-07-02 18:19:41","invoice":26055428,"row":61,"excel_name":"JANNATGULLkaryana","excel_ntn":"9999999","matched_party_id":628,"matched_party_name":"JANNATGULLkaryana","matched_party_ntn":"9999999","matched_company_id":10,"note":"created_party"}
{"timestamp":"2026-07-02 18:19:41","invoice":26055429,"row":65,"excel_name":"HAFIZ K\/S","excel_ntn":"9999999","matched_party_id":629,"matched_party_name":"HAFIZ K\/S","matched_party_ntn":"9999999","matched_company_id":10,"note":"created_party"}
{"timestamp":"2026-07-02 18:19:41","invoice":26055430,"row":66,"excel_name":"ChachKaryana","excel_ntn":"9999999","matched_party_id":630,"matched_party_name":"ChachKaryana","matched_party_ntn":"9999999","matched_company_id":10,"note":"created_party"}
{"timestamp":"2026-07-02 18:19:41","invoice":26055431,"row":67,"excel_name":"BABARkaryana","excel_ntn":"9999999","matched_party_id":631,"matched_party_name":"BABARkaryana","matched_party_ntn":"9999999","matched_company_id":10,"note":"created_party"}
{"timestamp":"2026-07-02 18:19:41","invoice":26055432,"row":68,"excel_name":"AWANkaryana","excel_ntn":"9999999","matched_party_id":632,"matched_party_name":"AWANkaryana","matched_party_ntn":"9999999","matched_company_id":10,"note":"created_party"}
{"timestamp":"2026-07-02 18:19:41","invoice":26055433,"row":69,"excel_name":"AWANgeneral","excel_ntn":"9999999","matched_party_id":633,"matched_party_name":"AWANgeneral","matched_party_ntn":"9999999","matched_company_id":10,"note":"created_party"}
{"timestamp":"2026-07-02 18:19:41","invoice":26055434,"row":70,"excel_name":"AFZALTUK SHOP","excel_ntn":"9999999","matched_party_id":634,"matched_party_name":"AFZALTUK SHOP","matched_party_ntn":"9999999","matched_company_id":10,"note":"created_party"}
{"timestamp":"2026-07-02 18:19:41","invoice":26055435,"row":71,"excel_name":"ADEELkaryana","excel_ntn":"9999999","matched_party_id":635,"matched_party_name":"ADEELkaryana","matched_party_ntn":"9999999","matched_company_id":10,"note":"created_party"}
{"timestamp":"2026-07-02 18:19:41","invoice":26055436,"row":72,"excel_name":"ABIDkaryana","excel_ntn":"9999999","matched_party_id":636,"matched_party_name":"ABIDkaryana","matched_party_ntn":"9999999","matched_company_id":10,"note":"created_party"}
{"timestamp":"2026-07-02 18:19:41","invoice":26055437,"row":73,"excel_name":"Al Madina gs","excel_ntn":"9999999","matched_party_id":637,"matched_party_name":"Al Madina gs","matched_party_ntn":"9999999","matched_company_id":10,"note":"created_party"}
{"timestamp":"2026-07-02 18:19:41","invoice":26055438,"row":74,"excel_name":"786karyana","excel_ntn":"9999999","matched_party_id":638,"matched_party_name":"786karyana","matched_party_ntn":"9999999","matched_company_id":10,"note":"created_party"}
{"timestamp":"2026-07-02 18:19:41","invoice":26055439,"row":82,"excel_name":"BestChoice","excel_ntn":"9999999","matched_party_id":639,"matched_party_name":"BestChoice","matched_party_ntn":"9999999","matched_company_id":10,"note":"created_party"}
{"timestamp":"2026-07-02 18:19:41","invoice":26055440,"row":83,"excel_name":"Masood Wholesaler","excel_ntn":"9999999","matched_party_id":640,"matched_party_name":"Masood Wholesaler","matched_party_ntn":"9999999","matched_company_id":10,"note":"created_party"}
{"timestamp":"2026-07-02 18:19:41","invoice":26055441,"row":84,"excel_name":"MatheenMshop","excel_ntn":"9999999","matched_party_id":641,"matched_party_name":"MatheenMshop","matched_party_ntn":"9999999","matched_company_id":10,"note":"created_party"}
{"timestamp":"2026-07-02 18:19:41","invoice":26055442,"row":85,"excel_name":"NASEEM","excel_ntn":"9999999","matched_party_id":642,"matched_party_name":"NASEEM","matched_party_ntn":"9999999","matched_company_id":10,"note":"created_party"}
{"timestamp":"2026-07-02 18:19:41","invoice":26055443,"row":86,"excel_name":"ASHIQ","excel_ntn":"9999999","matched_party_id":643,"matched_party_name":"ASHIQ","matched_party_ntn":"9999999","matched_company_id":10,"note":"created_party"}
{"timestamp":"2026-07-02 18:19:41","invoice":26055444,"row":87,"excel_name":"UMAIR K\/S","excel_ntn":"9999999","matched_party_id":644,"matched_party_name":"UMAIR K\/S","matched_party_ntn":"9999999","matched_company_id":10,"note":"created_party"}
{"timestamp":"2026-07-02 18:19:41","invoice":26055445,"row":88,"excel_name":"ILLAHI K\/S","excel_ntn":"9999999","matched_party_id":645,"matched_party_name":"ILLAHI K\/S","matched_party_ntn":"9999999","matched_company_id":10,"note":"created_party"}
{"timestamp":"2026-07-02 18:19:41","invoice":26055446,"row":89,"excel_name":"AWAIS K\/S","excel_ntn":"9999999","matched_party_id":646,"matched_party_name":"AWAIS K\/S","matched_party_ntn":"9999999","matched_company_id":10,"note":"created_party"}
{"timestamp":"2026-07-02 18:19:41","invoice":26055447,"row":90,"excel_name":"Shoiabwhole sale","excel_ntn":"9999999","matched_party_id":647,"matched_party_name":"Shoiabwhole sale","matched_party_ntn":"9999999","matched_company_id":10,"note":"created_party"}
{"timestamp":"2026-07-02 18:19:41","invoice":26055448,"row":93,"excel_name":"Shani  Keryana store","excel_ntn":"9999999","matched_party_id":648,"matched_party_name":"Shani  Keryana store","matched_party_ntn":"9999999","matched_company_id":10,"note":"created_party"}
{"timestamp":"2026-07-02 18:19:41","invoice":26055449,"row":94,"excel_name":"Shaker derawhole sale","excel_ntn":"9999999","matched_party_id":649,"matched_party_name":"Shaker derawhole sale","matched_party_ntn":"9999999","matched_company_id":10,"note":"created_party"}
{"timestamp":"2026-07-02 18:19:41","invoice":26055450,"row":99,"excel_name":"USMAN gs","excel_ntn":"9999999","matched_party_id":650,"matched_party_name":"USMAN gs","matched_party_ntn":"9999999","matched_company_id":10,"note":"created_party"}
{"timestamp":"2026-07-02 18:19:41","invoice":26055451,"row":100,"excel_name":"Sajawal ks","excel_ntn":"9999999","matched_party_id":651,"matched_party_name":"Sajawal ks","matched_party_ntn":"9999999","matched_company_id":10,"note":"created_party"}
{"timestamp":"2026-07-02 18:19:41","invoice":26055452,"row":103,"excel_name":"Sajawal ks","excel_ntn":"9999999","matched_party_id":651,"matched_party_name":"Sajawal ks","matched_party_ntn":"9999999","matched_company_id":10,"note":"used_existing_party"}
{"timestamp":"2026-07-02 18:19:41","invoice":26055453,"row":104,"excel_name":"Pervaiz Keryana store","excel_ntn":"9999999","matched_party_id":652,"matched_party_name":"Pervaiz Keryana store","matched_party_ntn":"9999999","matched_company_id":10,"note":"created_party"}
{"timestamp":"2026-07-02 18:19:41","invoice":26055454,"row":105,"excel_name":"PakeezaKeryana store","excel_ntn":"9999999","matched_party_id":653,"matched_party_name":"PakeezaKeryana store","matched_party_ntn":"9999999","matched_company_id":10,"note":"created_party"}
{"timestamp":"2026-07-02 18:19:41","invoice":26055455,"row":109,"excel_name":"UbaidGeneralStore","excel_ntn":"9999999","matched_party_id":654,"matched_party_name":"UbaidGeneralStore","matched_party_ntn":"9999999","matched_company_id":10,"note":"created_party"}
{"timestamp":"2026-07-02 18:19:41","invoice":26055456,"row":124,"excel_name":"MufeedKeryana store","excel_ntn":"9999999","matched_party_id":655,"matched_party_name":"MufeedKeryana store","matched_party_ntn":"9999999","matched_company_id":10,"note":"created_party"}
{"timestamp":"2026-07-02 18:19:41","invoice":26055457,"row":125,"excel_name":"MalyarKeryana store","excel_ntn":"9999999","matched_party_id":656,"matched_party_name":"MalyarKeryana store","matched_party_ntn":"9999999","matched_company_id":10,"note":"created_party"}
{"timestamp":"2026-07-02 18:19:41","invoice":26055458,"row":127,"excel_name":"M.S gs","excel_ntn":"9999999","matched_party_id":657,"matched_party_name":"M.S gs","matched_party_ntn":"9999999","matched_company_id":10,"note":"created_party"}
{"timestamp":"2026-07-02 18:19:41","invoice":26055459,"row":128,"excel_name":"KashanKeryana store","excel_ntn":"9999999","matched_party_id":658,"matched_party_name":"KashanKeryana store","matched_party_ntn":"9999999","matched_company_id":10,"note":"created_party"}
{"timestamp":"2026-07-02 18:19:41","invoice":26055460,"row":129,"excel_name":"JavedKeryana store","excel_ntn":"9999999","matched_party_id":659,"matched_party_name":"JavedKeryana store","matched_party_ntn":"9999999","matched_company_id":10,"note":"created_party"}
{"timestamp":"2026-07-02 18:19:41","invoice":26055461,"row":130,"excel_name":"IrshadKeryana store","excel_ntn":"9999999","matched_party_id":660,"matched_party_name":"IrshadKeryana store","matched_party_ntn":"9999999","matched_company_id":10,"note":"created_party"}
{"timestamp":"2026-07-02 18:19:41","invoice":26055462,"row":131,"excel_name":"InsafKeryana store","excel_ntn":"9999999","matched_party_id":661,"matched_party_name":"InsafKeryana store","matched_party_ntn":"9999999","matched_company_id":10,"note":"created_party"}
{"timestamp":"2026-07-02 18:19:41","invoice":26055463,"row":133,"excel_name":"ImranKeryana store","excel_ntn":"9999999","matched_party_id":662,"matched_party_name":"ImranKeryana store","matched_party_ntn":"9999999","matched_company_id":10,"note":"created_party"}
{"timestamp":"2026-07-02 18:19:41","invoice":26055464,"row":134,"excel_name":"HussainKeryana store","excel_ntn":"9999999","matched_party_id":663,"matched_party_name":"HussainKeryana store","matched_party_ntn":"9999999","matched_company_id":10,"note":"created_party"}
{"timestamp":"2026-07-02 18:19:41","invoice":26055465,"row":135,"excel_name":"Hamza Keryana store","excel_ntn":"9999999","matched_party_id":664,"matched_party_name":"Hamza Keryana store","matched_party_ntn":"9999999","matched_company_id":10,"note":"created_party"}
{"timestamp":"2026-07-02 18:19:41","invoice":26055466,"row":136,"excel_name":"Haji rab NawazKeryana store","excel_ntn":"9999999","matched_party_id":665,"matched_party_name":"Haji rab NawazKeryana store","matched_party_ntn":"9999999","matched_company_id":10,"note":"created_party"}
{"timestamp":"2026-07-02 18:19:42","invoice":26055467,"row":137,"excel_name":"Hassnain Ks","excel_ntn":"9999999","matched_party_id":666,"matched_party_name":"Hassnain Ks","matched_party_ntn":"9999999","matched_company_id":10,"note":"created_party"}
{"timestamp":"2026-07-02 18:19:42","invoice":26055468,"row":138,"excel_name":"Ghulam rasul Keryana store","excel_ntn":"9999999","matched_party_id":667,"matched_party_name":"Ghulam rasul Keryana store","matched_party_ntn":"9999999","matched_company_id":10,"note":"created_party"}
{"timestamp":"2026-07-02 18:19:42","invoice":26055469,"row":148,"excel_name":"ChoudryKeryana store","excel_ntn":"9999999","matched_party_id":668,"matched_party_name":"ChoudryKeryana store","matched_party_ntn":"9999999","matched_company_id":10,"note":"created_party"}
{"timestamp":"2026-07-02 18:19:42","invoice":26055470,"row":149,"excel_name":"BillalKeryana store","excel_ntn":"9999999","matched_party_id":669,"matched_party_name":"BillalKeryana store","matched_party_ntn":"9999999","matched_company_id":10,"note":"created_party"}
{"timestamp":"2026-07-02 18:19:42","invoice":26055471,"row":150,"excel_name":"AttiqueKeryana store","excel_ntn":"9999999","matched_party_id":670,"matched_party_name":"AttiqueKeryana store","matched_party_ntn":"9999999","matched_company_id":10,"note":"created_party"}
{"timestamp":"2026-07-02 18:19:42","invoice":26055472,"row":151,"excel_name":"Danish Bakers","excel_ntn":"9999999","matched_party_id":671,"matched_party_name":"Danish Bakers","matched_party_ntn":"9999999","matched_company_id":10,"note":"created_party"}
{"timestamp":"2026-07-02 18:19:42","invoice":26055473,"row":155,"excel_name":"Raheem ks","excel_ntn":"9999999","matched_party_id":672,"matched_party_name":"Raheem ks","matched_party_ntn":"9999999","matched_company_id":10,"note":"created_party"}
{"timestamp":"2026-07-02 18:19:42","invoice":26055474,"row":156,"excel_name":"Naseem gs","excel_ntn":"9999999","matched_party_id":673,"matched_party_name":"Naseem gs","matched_party_ntn":"9999999","matched_company_id":10,"note":"created_party"}
{"timestamp":"2026-07-02 18:19:42","invoice":26055475,"row":158,"excel_name":"Bashir gs","excel_ntn":"9999999","matched_party_id":674,"matched_party_name":"Bashir gs","matched_party_ntn":"9999999","matched_company_id":10,"note":"created_party"}
{"timestamp":"2026-07-02 18:19:42","invoice":26055476,"row":162,"excel_name":"Zahoor Kiryana Store","excel_ntn":"9999999","matched_party_id":675,"matched_party_name":"Zahoor Kiryana Store","matched_party_ntn":"9999999","matched_company_id":10,"note":"created_party"}
{"timestamp":"2026-07-02 18:19:42","invoice":26055477,"row":163,"excel_name":"Haider gs","excel_ntn":"9999999","matched_party_id":676,"matched_party_name":"Haider gs","matched_party_ntn":"9999999","matched_company_id":10,"note":"created_party"}
{"timestamp":"2026-07-02 18:19:42","invoice":26055478,"row":164,"excel_name":"BismillahC&C","excel_ntn":"9999999","matched_party_id":677,"matched_party_name":"BismillahC&C","matched_party_ntn":"9999999","matched_company_id":10,"note":"created_party"}
{"timestamp":"2026-07-02 18:19:42","invoice":26055479,"row":171,"excel_name":"BismillahC&C","excel_ntn":"9999999","matched_party_id":677,"matched_party_name":"BismillahC&C","matched_party_ntn":"9999999","matched_company_id":10,"note":"used_existing_party"}
{"timestamp":"2026-07-02 18:19:42","invoice":26055480,"row":172,"excel_name":"Shah Jee General Store","excel_ntn":"9999999","matched_party_id":678,"matched_party_name":"Shah Jee General Store","matched_party_ntn":"9999999","matched_company_id":10,"note":"created_party"}
{"timestamp":"2026-07-02 18:19:42","invoice":26055481,"row":173,"excel_name":"Farman gs","excel_ntn":"9999999","matched_party_id":679,"matched_party_name":"Farman gs","matched_party_ntn":"9999999","matched_company_id":10,"note":"created_party"}
{"timestamp":"2026-07-02 18:19:42","invoice":26055482,"row":174,"excel_name":"Darya KS","excel_ntn":"9999999","matched_party_id":680,"matched_party_name":"Darya KS","matched_party_ntn":"9999999","matched_company_id":10,"note":"created_party"}
{"timestamp":"2026-07-02 18:19:42","invoice":26055483,"row":175,"excel_name":"Sheikh Usman","excel_ntn":"9999999","matched_party_id":681,"matched_party_name":"Sheikh Usman","matched_party_ntn":"9999999","matched_company_id":10,"note":"created_party"}
{"timestamp":"2026-07-02 18:19:42","invoice":26055484,"row":176,"excel_name":"PapuKaryanaStore","excel_ntn":"9999999","matched_party_id":682,"matched_party_name":"PapuKaryanaStore","matched_party_ntn":"9999999","matched_company_id":10,"note":"created_party"}
{"timestamp":"2026-07-02 18:19:42","invoice":26055485,"row":177,"excel_name":"Mola BakshGeneral Store","excel_ntn":"9999999","matched_party_id":683,"matched_party_name":"Mola BakshGeneral Store","matched_party_ntn":"9999999","matched_company_id":10,"note":"created_party"}
{"timestamp":"2026-07-02 18:19:42","invoice":26055486,"row":178,"excel_name":"Madina Karyana Store","excel_ntn":"9999999","matched_party_id":684,"matched_party_name":"Madina Karyana Store","matched_party_ntn":"9999999","matched_company_id":10,"note":"created_party"}
{"timestamp":"2026-07-02 18:19:42","invoice":26055487,"row":179,"excel_name":"Madina General Store","excel_ntn":"9999999","matched_party_id":685,"matched_party_name":"Madina General Store","matched_party_ntn":"9999999","matched_company_id":10,"note":"created_party"}
{"timestamp":"2026-07-02 18:19:42","invoice":26055488,"row":180,"excel_name":"HamidCMH","excel_ntn":"9999999","matched_party_id":686,"matched_party_name":"HamidCMH","matched_party_ntn":"9999999","matched_company_id":10,"note":"created_party"}
{"timestamp":"2026-07-02 18:19:42","invoice":26055489,"row":181,"excel_name":"M.S Karyana Store","excel_ntn":"9999999","matched_party_id":687,"matched_party_name":"M.S Karyana Store","matched_party_ntn":"9999999","matched_company_id":10,"note":"created_party"}
{"timestamp":"2026-07-02 18:19:42","invoice":26055490,"row":182,"excel_name":"Habib G\/S","excel_ntn":"9999999","matched_party_id":688,"matched_party_name":"Habib G\/S","matched_party_ntn":"9999999","matched_company_id":10,"note":"created_party"}
{"timestamp":"2026-07-02 18:19:42","invoice":26055491,"row":183,"excel_name":"SajidCnadyLand","excel_ntn":"9999999","matched_party_id":689,"matched_party_name":"SajidCnadyLand","matched_party_ntn":"9999999","matched_company_id":10,"note":"created_party"}
{"timestamp":"2026-07-02 18:19:42","invoice":26055492,"row":197,"excel_name":"SajidCnadyLand","excel_ntn":"9999999","matched_party_id":689,"matched_party_name":"SajidCnadyLand","matched_party_ntn":"9999999","matched_company_id":10,"note":"used_existing_party"}
{"timestamp":"2026-07-02 18:19:42","invoice":26055493,"row":198,"excel_name":"M.Usman","excel_ntn":"9999999","matched_party_id":690,"matched_party_name":"M.Usman","matched_party_ntn":"9999999","matched_company_id":10,"note":"created_party"}
{"timestamp":"2026-07-02 18:19:42","invoice":26055494,"row":199,"excel_name":"Jamil Karyana Store","excel_ntn":"9999999","matched_party_id":691,"matched_party_name":"Jamil Karyana Store","matched_party_ntn":"9999999","matched_company_id":10,"note":"created_party"}
{"timestamp":"2026-07-02 18:19:42","invoice":26055495,"row":200,"excel_name":"Jamil Karyana Store","excel_ntn":"9999999","matched_party_id":691,"matched_party_name":"Jamil Karyana Store","matched_party_ntn":"9999999","matched_company_id":10,"note":"used_existing_party"}
{"timestamp":"2026-07-02 18:19:42","invoice":26055496,"row":201,"excel_name":"Manzoor Elahi  gs","excel_ntn":"9999999","matched_party_id":692,"matched_party_name":"Manzoor Elahi  gs","matched_party_ntn":"9999999","matched_company_id":10,"note":"created_party"}
{"timestamp":"2026-07-02 18:19:42","invoice":26055497,"row":202,"excel_name":"Abdul Jalil ks","excel_ntn":"9999999","matched_party_id":693,"matched_party_name":"Abdul Jalil ks","matched_party_ntn":"9999999","matched_company_id":10,"note":"created_party"}
{"timestamp":"2026-07-02 18:19:42","invoice":26055498,"row":203,"excel_name":"AzeezWholesale","excel_ntn":"9999999","matched_party_id":694,"matched_party_name":"AzeezWholesale","matched_party_ntn":"9999999","matched_company_id":10,"note":"created_party"}
{"timestamp":"2026-07-02 18:19:42","invoice":26055499,"row":204,"excel_name":"Chanar Shah Karyana Store","excel_ntn":"9999999","matched_party_id":695,"matched_party_name":"Chanar Shah Karyana Store","matched_party_ntn":"9999999","matched_company_id":10,"note":"created_party"}
{"timestamp":"2026-07-02 18:19:42","invoice":26055500,"row":205,"excel_name":"AirUniversityMurtaza","excel_ntn":"9999999","matched_party_id":696,"matched_party_name":"AirUniversityMurtaza","matched_party_ntn":"9999999","matched_company_id":10,"note":"created_party"}
{"timestamp":"2026-07-02 18:19:42","invoice":26055501,"row":206,"excel_name":"Faraz","excel_ntn":"9999999","matched_party_id":697,"matched_party_name":"Faraz","matched_party_ntn":"9999999","matched_company_id":10,"note":"created_party"}
{"timestamp":"2026-07-02 18:19:42","invoice":26055502,"row":207,"excel_name":"Faraz","excel_ntn":"9999999","matched_party_id":697,"matched_party_name":"Faraz","matched_party_ntn":"9999999","matched_company_id":10,"note":"used_existing_party"}
{"timestamp":"2026-07-02 18:19:42","invoice":26055504,"row":210,"excel_name":"Ali zeyarat Karyana Store","excel_ntn":"9999999","matched_party_id":698,"matched_party_name":"Ali zeyarat Karyana Store","matched_party_ntn":"9999999","matched_company_id":10,"note":"created_party"}
{"timestamp":"2026-07-02 18:19:42","invoice":26055505,"row":211,"excel_name":"Aihtesam Karyana Store","excel_ntn":"9999999","matched_party_id":699,"matched_party_name":"Aihtesam Karyana Store","matched_party_ntn":"9999999","matched_company_id":10,"note":"created_party"}
{"timestamp":"2026-07-02 18:19:42","invoice":26055506,"row":212,"excel_name":"Imran Wholesale","excel_ntn":"9999999","matched_party_id":700,"matched_party_name":"Imran Wholesale","matched_party_ntn":"9999999","matched_company_id":10,"note":"created_party"}
{"timestamp":"2026-07-02 18:19:42","invoice":26055507,"row":213,"excel_name":"786karyana","excel_ntn":"9999999","matched_party_id":638,"matched_party_name":"786karyana","matched_party_ntn":"9999999","matched_company_id":10,"note":"used_existing_party"}
{"timestamp":"2026-07-02 18:19:42","invoice":26055508,"row":219,"excel_name":"E&RTraders","excel_ntn":"9999999","matched_party_id":701,"matched_party_name":"E&RTraders","matched_party_ntn":"9999999","matched_company_id":10,"note":"created_party"}
{"timestamp":"2026-07-02 18:19:42","invoice":26055509,"row":221,"excel_name":"786 Milk Shop","excel_ntn":"9999999","matched_party_id":702,"matched_party_name":"786 Milk Shop","matched_party_ntn":"9999999","matched_company_id":10,"note":"created_party"}
{"timestamp":"2026-07-02 18:19:42","invoice":26055510,"row":223,"excel_name":"Artillery  Centre","excel_ntn":"9999999","matched_party_id":703,"matched_party_name":"Artillery  Centre","matched_party_ntn":"9999999","matched_company_id":10,"note":"created_party"}
{"timestamp":"2026-07-02 18:19:42","invoice":26055511,"row":232,"excel_name":"MA Printing","excel_ntn":"9999999","matched_party_id":704,"matched_party_name":"MA Printing","matched_party_ntn":"9999999","matched_company_id":10,"note":"created_party"}
{"timestamp":"2026-07-02 18:19:42","invoice":26055512,"row":234,"excel_name":"Gujjar Daries","excel_ntn":"9999999","matched_party_id":705,"matched_party_name":"Gujjar Daries","matched_party_ntn":"9999999","matched_company_id":10,"note":"created_party"}
{"timestamp":"2026-07-02 18:19:42","invoice":26055513,"row":237,"excel_name":"Haji Yousaf And Sons","excel_ntn":"9999999","matched_party_id":706,"matched_party_name":"Haji Yousaf And Sons","matched_party_ntn":"9999999","matched_company_id":10,"note":"created_party"}
{"timestamp":"2026-07-02 18:19:42","invoice":26055514,"row":240,"excel_name":"Sultangs","excel_ntn":"9999999","matched_party_id":707,"matched_party_name":"Sultangs","matched_party_ntn":"9999999","matched_company_id":10,"note":"created_party"}
{"timestamp":"2026-07-02 18:19:42","invoice":26055515,"row":241,"excel_name":"MAJID K\/S","excel_ntn":"9999999","matched_party_id":708,"matched_party_name":"MAJID K\/S","matched_party_ntn":"9999999","matched_company_id":10,"note":"created_party"}
{"timestamp":"2026-07-02 18:19:42","invoice":26055516,"row":242,"excel_name":"786","excel_ntn":"9999999","matched_party_id":709,"matched_party_name":"786","matched_party_ntn":"9999999","matched_company_id":10,"note":"created_party"}
{"timestamp":"2026-07-02 18:19:42","invoice":26055517,"row":243,"excel_name":"Ibrahim gs","excel_ntn":"9999999","matched_party_id":710,"matched_party_name":"Ibrahim gs","matched_party_ntn":"9999999","matched_company_id":10,"note":"created_party"}
{"timestamp":"2026-07-02 18:19:42","invoice":26055518,"row":244,"excel_name":"ShahidTukShop","excel_ntn":"9999999","matched_party_id":711,"matched_party_name":"ShahidTukShop","matched_party_ntn":"9999999","matched_company_id":10,"note":"created_party"}
{"timestamp":"2026-07-02 18:19:42","invoice":26055520,"row":248,"excel_name":"Sajjad ks","excel_ntn":"9999999","matched_party_id":712,"matched_party_name":"Sajjad ks","matched_party_ntn":"9999999","matched_company_id":10,"note":"created_party"}
{"timestamp":"2026-07-02 18:19:42","invoice":26055521,"row":249,"excel_name":"RafiqueMart","excel_ntn":"9999999","matched_party_id":713,"matched_party_name":"RafiqueMart","matched_party_ntn":"9999999","matched_company_id":10,"note":"created_party"}
{"timestamp":"2026-07-02 18:19:42","invoice":26055522,"row":258,"excel_name":"DostMuhammadKs","excel_ntn":"9999999","matched_party_id":714,"matched_party_name":"DostMuhammadKs","matched_party_ntn":"9999999","matched_company_id":10,"note":"created_party"}
{"timestamp":"2026-07-02 18:19:42","invoice":26055523,"row":269,"excel_name":"Matloob Ks","excel_ntn":"9999999","matched_party_id":715,"matched_party_name":"Matloob Ks","matched_party_ntn":"9999999","matched_company_id":10,"note":"created_party"}
{"timestamp":"2026-07-02 18:19:42","invoice":26055524,"row":270,"excel_name":"Ahmed Keryana store","excel_ntn":"9999999","matched_party_id":716,"matched_party_name":"Ahmed Keryana store","matched_party_ntn":"9999999","matched_company_id":10,"note":"created_party"}
{"timestamp":"2026-07-02 18:19:42","invoice":26055525,"row":271,"excel_name":"K.DFoods","excel_ntn":"9999999","matched_party_id":717,"matched_party_name":"K.DFoods","matched_party_ntn":"9999999","matched_company_id":10,"note":"created_party"}
{"timestamp":"2026-07-02 18:19:42","invoice":26055526,"row":272,"excel_name":"Shiekh Hassan Keryana store","excel_ntn":"9999999","matched_party_id":718,"matched_party_name":"Shiekh Hassan Keryana store","matched_party_ntn":"9999999","matched_company_id":10,"note":"created_party"}
{"timestamp":"2026-07-02 18:19:42","invoice":26055527,"row":273,"excel_name":"BismillahKS","excel_ntn":"9999999","matched_party_id":719,"matched_party_name":"BismillahKS","matched_party_ntn":"9999999","matched_company_id":10,"note":"created_party"}
{"timestamp":"2026-07-02 18:19:42","invoice":26055528,"row":282,"excel_name":"Anas Ks","excel_ntn":"9999999","matched_party_id":720,"matched_party_name":"Anas Ks","matched_party_ntn":"9999999","matched_company_id":10,"note":"created_party"}
{"timestamp":"2026-07-02 18:19:42","invoice":26055529,"row":283,"excel_name":"FrozenFuel","excel_ntn":"9999999","matched_party_id":721,"matched_party_name":"FrozenFuel","matched_party_ntn":"9999999","matched_company_id":10,"note":"created_party"}
{"timestamp":"2026-07-02 18:19:42","invoice":26055530,"row":287,"excel_name":"AlJannatBakery","excel_ntn":"9999999","matched_party_id":722,"matched_party_name":"AlJannatBakery","matched_party_ntn":"9999999","matched_company_id":10,"note":"created_party"}
{"timestamp":"2026-07-02 18:19:42","invoice":26055531,"row":305,"excel_name":"PolicewelfareKeryanastore","excel_ntn":"9999999","matched_party_id":723,"matched_party_name":"PolicewelfareKeryanastore","matched_party_ntn":"9999999","matched_company_id":10,"note":"created_party"}
{"timestamp":"2026-07-02 18:19:42","invoice":26055532,"row":306,"excel_name":"Naqash pharmacy","excel_ntn":"9999999","matched_party_id":724,"matched_party_name":"Naqash pharmacy","matched_party_ntn":"9999999","matched_company_id":10,"note":"created_party"}
{"timestamp":"2026-07-02 18:19:42","invoice":26055533,"row":308,"excel_name":"95 gs","excel_ntn":"9999999","matched_party_id":725,"matched_party_name":"95 gs","matched_party_ntn":"9999999","matched_company_id":10,"note":"created_party"}
{"timestamp":"2026-07-02 18:19:42","invoice":26055534,"row":312,"excel_name":"Hammad Ks","excel_ntn":"9999999","matched_party_id":726,"matched_party_name":"Hammad Ks","matched_party_ntn":"9999999","matched_company_id":10,"note":"created_party"}
{"timestamp":"2026-07-02 18:19:42","invoice":26055535,"row":313,"excel_name":"Khattak Keryana store","excel_ntn":"9999999","matched_party_id":727,"matched_party_name":"Khattak Keryana store","matched_party_ntn":"9999999","matched_company_id":10,"note":"created_party"}
{"timestamp":"2026-07-02 18:19:42","invoice":26055536,"row":315,"excel_name":"Haji ArshadKeryana store","excel_ntn":"9999999","matched_party_id":728,"matched_party_name":"Haji ArshadKeryana store","matched_party_ntn":"9999999","matched_company_id":10,"note":"created_party"}
{"timestamp":"2026-07-02 18:19:42","invoice":26055537,"row":319,"excel_name":"Musags","excel_ntn":"9999999","matched_party_id":729,"matched_party_name":"Musags","matched_party_ntn":"9999999","matched_company_id":10,"note":"created_party"}
{"timestamp":"2026-07-02 18:19:42","invoice":26055564,"row":320,"excel_name":"RiazTraders","excel_ntn":"9999999","matched_party_id":730,"matched_party_name":"RiazTraders","matched_party_ntn":"9999999","matched_company_id":10,"note":"created_party"}
{"timestamp":"2026-07-02 18:19:43","invoice":26055565,"row":324,"excel_name":"MUZAFFARTRADERS","excel_ntn":"9999999","matched_party_id":731,"matched_party_name":"MUZAFFARTRADERS","matched_party_ntn":"9999999","matched_company_id":10,"note":"created_party"}
{"timestamp":"2026-07-02 18:19:43","invoice":26055566,"row":326,"excel_name":"Waseem Bakery","excel_ntn":"9999999","matched_party_id":732,"matched_party_name":"Waseem Bakery","matched_party_ntn":"9999999","matched_company_id":10,"note":"created_party"}
{"timestamp":"2026-07-02 18:19:43","invoice":26055567,"row":330,"excel_name":"Shareen MehalBakery","excel_ntn":"9999999","matched_party_id":733,"matched_party_name":"Shareen MehalBakery","matched_party_ntn":"9999999","matched_company_id":10,"note":"created_party"}
{"timestamp":"2026-07-02 18:19:43","invoice":26055568,"row":335,"excel_name":"RiazSweets&Wholesale","excel_ntn":"9999999","matched_party_id":734,"matched_party_name":"RiazSweets&Wholesale","matched_party_ntn":"9999999","matched_company_id":10,"note":"created_party"}
{"timestamp":"2026-07-02 18:19:43","invoice":26055569,"row":339,"excel_name":"AtifWholesale","excel_ntn":"9999999","matched_party_id":735,"matched_party_name":"AtifWholesale","matched_party_ntn":"9999999","matched_company_id":10,"note":"created_party"}
{"timestamp":"2026-07-02 18:19:43","invoice":26055570,"row":347,"excel_name":"AsadBakery","excel_ntn":"9999999","matched_party_id":736,"matched_party_name":"AsadBakery","matched_party_ntn":"9999999","matched_company_id":10,"note":"created_party"}
{"timestamp":"2026-07-02 18:19:43","invoice":26055571,"row":354,"excel_name":"AbdulRahmanTRD","excel_ntn":"9999999","matched_party_id":737,"matched_party_name":"AbdulRahmanTRD","matched_party_ntn":"9999999","matched_company_id":10,"note":"created_party"}
{"timestamp":"2026-07-02 18:19:43","invoice":26055572,"row":355,"excel_name":"Niaz&Sons","excel_ntn":"9999999","matched_party_id":738,"matched_party_name":"Niaz&Sons","matched_party_ntn":"9999999","matched_company_id":10,"note":"created_party"}
{"timestamp":"2026-07-02 18:19:43","invoice":26055573,"row":356,"excel_name":"ShamiWholesale","excel_ntn":"9999999","matched_party_id":739,"matched_party_name":"ShamiWholesale","matched_party_ntn":"9999999","matched_company_id":10,"note":"created_party"}
{"timestamp":"2026-07-02 18:19:56","invoice":26055411,"row":2,"excel_name":"Ali Kiryana Store","excel_ntn":"9999999","matched_party_id":612,"matched_party_name":"Ali Kiryana Store","matched_party_ntn":"9999999","matched_company_id":10,"note":"used_existing_party"}
{"timestamp":"2026-07-02 18:19:56","invoice":26055412,"row":3,"excel_name":"WAQAR K\/S","excel_ntn":"9999999","matched_party_id":613,"matched_party_name":"WAQAR K\/S","matched_party_ntn":"9999999","matched_company_id":10,"note":"used_existing_party"}
{"timestamp":"2026-07-02 18:19:56","invoice":26055413,"row":4,"excel_name":"FatimaPH","excel_ntn":"9999999","matched_party_id":614,"matched_party_name":"FatimaPH","matched_party_ntn":"9999999","matched_company_id":10,"note":"used_existing_party"}
{"timestamp":"2026-07-02 18:19:56","invoice":26055414,"row":5,"excel_name":"AL REHMAN","excel_ntn":"9999999","matched_party_id":615,"matched_party_name":"AL REHMAN","matched_party_ntn":"9999999","matched_company_id":10,"note":"used_existing_party"}
{"timestamp":"2026-07-02 18:19:56","invoice":26055415,"row":6,"excel_name":"Kamran gs","excel_ntn":"9999999","matched_party_id":616,"matched_party_name":"Kamran gs","matched_party_ntn":"9999999","matched_company_id":10,"note":"used_existing_party"}
{"timestamp":"2026-07-02 18:19:56","invoice":26055416,"row":7,"excel_name":"HamzaGS2","excel_ntn":"9999999","matched_party_id":617,"matched_party_name":"HamzaGS2","matched_party_ntn":"9999999","matched_company_id":10,"note":"used_existing_party"}
{"timestamp":"2026-07-02 18:19:56","invoice":26055417,"row":22,"excel_name":"CityPharmacy","excel_ntn":"9999999","matched_party_id":618,"matched_party_name":"CityPharmacy","matched_party_ntn":"9999999","matched_company_id":10,"note":"used_existing_party"}
{"timestamp":"2026-07-02 18:19:56","invoice":26055419,"row":23,"excel_name":"Abid ks","excel_ntn":"9999999","matched_party_id":619,"matched_party_name":"Abid ks","matched_party_ntn":"9999999","matched_company_id":10,"note":"used_existing_party"}
{"timestamp":"2026-07-02 18:19:56","invoice":26055420,"row":24,"excel_name":"TAHIRkaryana","excel_ntn":"9999999","matched_party_id":620,"matched_party_name":"TAHIRkaryana","matched_party_ntn":"9999999","matched_company_id":10,"note":"used_existing_party"}
{"timestamp":"2026-07-02 18:19:56","invoice":26055421,"row":25,"excel_name":"SHEHZADkaryana","excel_ntn":"9999999","matched_party_id":621,"matched_party_name":"SHEHZADkaryana","matched_party_ntn":"9999999","matched_company_id":10,"note":"used_existing_party"}
{"timestamp":"2026-07-02 18:19:56","invoice":26055422,"row":26,"excel_name":"SHAHGkaryana","excel_ntn":"9999999","matched_party_id":622,"matched_party_name":"SHAHGkaryana","matched_party_ntn":"9999999","matched_company_id":10,"note":"used_existing_party"}
{"timestamp":"2026-07-02 18:19:56","invoice":26055423,"row":27,"excel_name":"DHQ Canteen","excel_ntn":"9999999","matched_party_id":623,"matched_party_name":"DHQ Canteen","matched_party_ntn":"9999999","matched_company_id":10,"note":"used_existing_party"}
{"timestamp":"2026-07-02 18:19:56","invoice":26055424,"row":38,"excel_name":"ShahNawazKaryana","excel_ntn":"9999999","matched_party_id":624,"matched_party_name":"ShahNawazKaryana","matched_party_ntn":"9999999","matched_company_id":10,"note":"used_existing_party"}
{"timestamp":"2026-07-02 18:19:56","invoice":26055425,"row":45,"excel_name":"SAMIGENERAL","excel_ntn":"9999999","matched_party_id":625,"matched_party_name":"SAMIGENERAL","matched_party_ntn":"9999999","matched_company_id":10,"note":"used_existing_party"}
{"timestamp":"2026-07-02 18:19:56","invoice":26055426,"row":58,"excel_name":"M.Dkaryana","excel_ntn":"9999999","matched_party_id":626,"matched_party_name":"M.Dkaryana","matched_party_ntn":"9999999","matched_company_id":10,"note":"used_existing_party"}
{"timestamp":"2026-07-02 18:19:56","invoice":26055427,"row":60,"excel_name":"KHATTAKkaryana","excel_ntn":"9999999","matched_party_id":627,"matched_party_name":"KHATTAKkaryana","matched_party_ntn":"9999999","matched_company_id":10,"note":"used_existing_party"}
{"timestamp":"2026-07-02 18:19:56","invoice":26055428,"row":61,"excel_name":"JANNATGULLkaryana","excel_ntn":"9999999","matched_party_id":628,"matched_party_name":"JANNATGULLkaryana","matched_party_ntn":"9999999","matched_company_id":10,"note":"used_existing_party"}
{"timestamp":"2026-07-02 18:19:56","invoice":26055429,"row":65,"excel_name":"HAFIZ K\/S","excel_ntn":"9999999","matched_party_id":629,"matched_party_name":"HAFIZ K\/S","matched_party_ntn":"9999999","matched_company_id":10,"note":"used_existing_party"}
{"timestamp":"2026-07-02 18:19:56","invoice":26055430,"row":66,"excel_name":"ChachKaryana","excel_ntn":"9999999","matched_party_id":630,"matched_party_name":"ChachKaryana","matched_party_ntn":"9999999","matched_company_id":10,"note":"used_existing_party"}
{"timestamp":"2026-07-02 18:19:56","invoice":26055431,"row":67,"excel_name":"BABARkaryana","excel_ntn":"9999999","matched_party_id":631,"matched_party_name":"BABARkaryana","matched_party_ntn":"9999999","matched_company_id":10,"note":"used_existing_party"}
{"timestamp":"2026-07-02 18:19:56","invoice":26055432,"row":68,"excel_name":"AWANkaryana","excel_ntn":"9999999","matched_party_id":632,"matched_party_name":"AWANkaryana","matched_party_ntn":"9999999","matched_company_id":10,"note":"used_existing_party"}
{"timestamp":"2026-07-02 18:19:56","invoice":26055433,"row":69,"excel_name":"AWANgeneral","excel_ntn":"9999999","matched_party_id":633,"matched_party_name":"AWANgeneral","matched_party_ntn":"9999999","matched_company_id":10,"note":"used_existing_party"}
{"timestamp":"2026-07-02 18:19:56","invoice":26055434,"row":70,"excel_name":"AFZALTUK SHOP","excel_ntn":"9999999","matched_party_id":634,"matched_party_name":"AFZALTUK SHOP","matched_party_ntn":"9999999","matched_company_id":10,"note":"used_existing_party"}
{"timestamp":"2026-07-02 18:19:56","invoice":26055435,"row":71,"excel_name":"ADEELkaryana","excel_ntn":"9999999","matched_party_id":635,"matched_party_name":"ADEELkaryana","matched_party_ntn":"9999999","matched_company_id":10,"note":"used_existing_party"}
{"timestamp":"2026-07-02 18:19:56","invoice":26055436,"row":72,"excel_name":"ABIDkaryana","excel_ntn":"9999999","matched_party_id":636,"matched_party_name":"ABIDkaryana","matched_party_ntn":"9999999","matched_company_id":10,"note":"used_existing_party"}
{"timestamp":"2026-07-02 18:19:56","invoice":26055437,"row":73,"excel_name":"Al Madina gs","excel_ntn":"9999999","matched_party_id":637,"matched_party_name":"Al Madina gs","matched_party_ntn":"9999999","matched_company_id":10,"note":"used_existing_party"}
{"timestamp":"2026-07-02 18:19:56","invoice":26055438,"row":74,"excel_name":"786karyana","excel_ntn":"9999999","matched_party_id":638,"matched_party_name":"786karyana","matched_party_ntn":"9999999","matched_company_id":10,"note":"used_existing_party"}
{"timestamp":"2026-07-02 18:19:56","invoice":26055439,"row":82,"excel_name":"BestChoice","excel_ntn":"9999999","matched_party_id":639,"matched_party_name":"BestChoice","matched_party_ntn":"9999999","matched_company_id":10,"note":"used_existing_party"}
{"timestamp":"2026-07-02 18:19:56","invoice":26055440,"row":83,"excel_name":"Masood Wholesaler","excel_ntn":"9999999","matched_party_id":640,"matched_party_name":"Masood Wholesaler","matched_party_ntn":"9999999","matched_company_id":10,"note":"used_existing_party"}
{"timestamp":"2026-07-02 18:19:56","invoice":26055441,"row":84,"excel_name":"MatheenMshop","excel_ntn":"9999999","matched_party_id":641,"matched_party_name":"MatheenMshop","matched_party_ntn":"9999999","matched_company_id":10,"note":"used_existing_party"}
{"timestamp":"2026-07-02 18:19:56","invoice":26055442,"row":85,"excel_name":"NASEEM","excel_ntn":"9999999","matched_party_id":642,"matched_party_name":"NASEEM","matched_party_ntn":"9999999","matched_company_id":10,"note":"used_existing_party"}
{"timestamp":"2026-07-02 18:19:56","invoice":26055443,"row":86,"excel_name":"ASHIQ","excel_ntn":"9999999","matched_party_id":643,"matched_party_name":"ASHIQ","matched_party_ntn":"9999999","matched_company_id":10,"note":"used_existing_party"}
{"timestamp":"2026-07-02 18:19:56","invoice":26055444,"row":87,"excel_name":"UMAIR K\/S","excel_ntn":"9999999","matched_party_id":644,"matched_party_name":"UMAIR K\/S","matched_party_ntn":"9999999","matched_company_id":10,"note":"used_existing_party"}
{"timestamp":"2026-07-02 18:19:56","invoice":26055445,"row":88,"excel_name":"ILLAHI K\/S","excel_ntn":"9999999","matched_party_id":645,"matched_party_name":"ILLAHI K\/S","matched_party_ntn":"9999999","matched_company_id":10,"note":"used_existing_party"}
{"timestamp":"2026-07-02 18:19:56","invoice":26055446,"row":89,"excel_name":"AWAIS K\/S","excel_ntn":"9999999","matched_party_id":646,"matched_party_name":"AWAIS K\/S","matched_party_ntn":"9999999","matched_company_id":10,"note":"used_existing_party"}
{"timestamp":"2026-07-02 18:19:56","invoice":26055447,"row":90,"excel_name":"Shoiabwhole sale","excel_ntn":"9999999","matched_party_id":647,"matched_party_name":"Shoiabwhole sale","matched_party_ntn":"9999999","matched_company_id":10,"note":"used_existing_party"}
{"timestamp":"2026-07-02 18:19:56","invoice":26055448,"row":93,"excel_name":"Shani  Keryana store","excel_ntn":"9999999","matched_party_id":648,"matched_party_name":"Shani  Keryana store","matched_party_ntn":"9999999","matched_company_id":10,"note":"used_existing_party"}
{"timestamp":"2026-07-02 18:19:56","invoice":26055449,"row":94,"excel_name":"Shaker derawhole sale","excel_ntn":"9999999","matched_party_id":649,"matched_party_name":"Shaker derawhole sale","matched_party_ntn":"9999999","matched_company_id":10,"note":"used_existing_party"}
{"timestamp":"2026-07-02 18:19:56","invoice":26055450,"row":99,"excel_name":"USMAN gs","excel_ntn":"9999999","matched_party_id":650,"matched_party_name":"USMAN gs","matched_party_ntn":"9999999","matched_company_id":10,"note":"used_existing_party"}
{"timestamp":"2026-07-02 18:19:56","invoice":26055451,"row":100,"excel_name":"Sajawal ks","excel_ntn":"9999999","matched_party_id":651,"matched_party_name":"Sajawal ks","matched_party_ntn":"9999999","matched_company_id":10,"note":"used_existing_party"}
{"timestamp":"2026-07-02 18:19:56","invoice":26055452,"row":103,"excel_name":"Sajawal ks","excel_ntn":"9999999","matched_party_id":651,"matched_party_name":"Sajawal ks","matched_party_ntn":"9999999","matched_company_id":10,"note":"used_existing_party"}
{"timestamp":"2026-07-02 18:19:56","invoice":26055453,"row":104,"excel_name":"Pervaiz Keryana store","excel_ntn":"9999999","matched_party_id":652,"matched_party_name":"Pervaiz Keryana store","matched_party_ntn":"9999999","matched_company_id":10,"note":"used_existing_party"}
{"timestamp":"2026-07-02 18:19:56","invoice":26055454,"row":105,"excel_name":"PakeezaKeryana store","excel_ntn":"9999999","matched_party_id":653,"matched_party_name":"PakeezaKeryana store","matched_party_ntn":"9999999","matched_company_id":10,"note":"used_existing_party"}
{"timestamp":"2026-07-02 18:19:56","invoice":26055455,"row":109,"excel_name":"UbaidGeneralStore","excel_ntn":"9999999","matched_party_id":654,"matched_party_name":"UbaidGeneralStore","matched_party_ntn":"9999999","matched_company_id":10,"note":"used_existing_party"}
{"timestamp":"2026-07-02 18:19:56","invoice":26055456,"row":124,"excel_name":"MufeedKeryana store","excel_ntn":"9999999","matched_party_id":655,"matched_party_name":"MufeedKeryana store","matched_party_ntn":"9999999","matched_company_id":10,"note":"used_existing_party"}
{"timestamp":"2026-07-02 18:19:56","invoice":26055457,"row":125,"excel_name":"MalyarKeryana store","excel_ntn":"9999999","matched_party_id":656,"matched_party_name":"MalyarKeryana store","matched_party_ntn":"9999999","matched_company_id":10,"note":"used_existing_party"}
{"timestamp":"2026-07-02 18:19:56","invoice":26055458,"row":127,"excel_name":"M.S gs","excel_ntn":"9999999","matched_party_id":657,"matched_party_name":"M.S gs","matched_party_ntn":"9999999","matched_company_id":10,"note":"used_existing_party"}
{"timestamp":"2026-07-02 18:19:56","invoice":26055459,"row":128,"excel_name":"KashanKeryana store","excel_ntn":"9999999","matched_party_id":658,"matched_party_name":"KashanKeryana store","matched_party_ntn":"9999999","matched_company_id":10,"note":"used_existing_party"}
{"timestamp":"2026-07-02 18:19:56","invoice":26055460,"row":129,"excel_name":"JavedKeryana store","excel_ntn":"9999999","matched_party_id":659,"matched_party_name":"JavedKeryana store","matched_party_ntn":"9999999","matched_company_id":10,"note":"used_existing_party"}
{"timestamp":"2026-07-02 18:19:56","invoice":26055461,"row":130,"excel_name":"IrshadKeryana store","excel_ntn":"9999999","matched_party_id":660,"matched_party_name":"IrshadKeryana store","matched_party_ntn":"9999999","matched_company_id":10,"note":"used_existing_party"}
{"timestamp":"2026-07-02 18:19:56","invoice":26055462,"row":131,"excel_name":"InsafKeryana store","excel_ntn":"9999999","matched_party_id":661,"matched_party_name":"InsafKeryana store","matched_party_ntn":"9999999","matched_company_id":10,"note":"used_existing_party"}
{"timestamp":"2026-07-02 18:19:56","invoice":26055463,"row":133,"excel_name":"ImranKeryana store","excel_ntn":"9999999","matched_party_id":662,"matched_party_name":"ImranKeryana store","matched_party_ntn":"9999999","matched_company_id":10,"note":"used_existing_party"}
{"timestamp":"2026-07-02 18:19:56","invoice":26055464,"row":134,"excel_name":"HussainKeryana store","excel_ntn":"9999999","matched_party_id":663,"matched_party_name":"HussainKeryana store","matched_party_ntn":"9999999","matched_company_id":10,"note":"used_existing_party"}
{"timestamp":"2026-07-02 18:19:56","invoice":26055465,"row":135,"excel_name":"Hamza Keryana store","excel_ntn":"9999999","matched_party_id":664,"matched_party_name":"Hamza Keryana store","matched_party_ntn":"9999999","matched_company_id":10,"note":"used_existing_party"}
{"timestamp":"2026-07-02 18:19:56","invoice":26055466,"row":136,"excel_name":"Haji rab NawazKeryana store","excel_ntn":"9999999","matched_party_id":665,"matched_party_name":"Haji rab NawazKeryana store","matched_party_ntn":"9999999","matched_company_id":10,"note":"used_existing_party"}
{"timestamp":"2026-07-02 18:19:56","invoice":26055467,"row":137,"excel_name":"Hassnain Ks","excel_ntn":"9999999","matched_party_id":666,"matched_party_name":"Hassnain Ks","matched_party_ntn":"9999999","matched_company_id":10,"note":"used_existing_party"}
{"timestamp":"2026-07-02 18:19:56","invoice":26055468,"row":138,"excel_name":"Ghulam rasul Keryana store","excel_ntn":"9999999","matched_party_id":667,"matched_party_name":"Ghulam rasul Keryana store","matched_party_ntn":"9999999","matched_company_id":10,"note":"used_existing_party"}
{"timestamp":"2026-07-02 18:19:56","invoice":26055469,"row":148,"excel_name":"ChoudryKeryana store","excel_ntn":"9999999","matched_party_id":668,"matched_party_name":"ChoudryKeryana store","matched_party_ntn":"9999999","matched_company_id":10,"note":"used_existing_party"}
{"timestamp":"2026-07-02 18:19:56","invoice":26055470,"row":149,"excel_name":"BillalKeryana store","excel_ntn":"9999999","matched_party_id":669,"matched_party_name":"BillalKeryana store","matched_party_ntn":"9999999","matched_company_id":10,"note":"used_existing_party"}
{"timestamp":"2026-07-02 18:19:56","invoice":26055471,"row":150,"excel_name":"AttiqueKeryana store","excel_ntn":"9999999","matched_party_id":670,"matched_party_name":"AttiqueKeryana store","matched_party_ntn":"9999999","matched_company_id":10,"note":"used_existing_party"}
{"timestamp":"2026-07-02 18:19:56","invoice":26055472,"row":151,"excel_name":"Danish Bakers","excel_ntn":"9999999","matched_party_id":671,"matched_party_name":"Danish Bakers","matched_party_ntn":"9999999","matched_company_id":10,"note":"used_existing_party"}
{"timestamp":"2026-07-02 18:19:56","invoice":26055473,"row":155,"excel_name":"Raheem ks","excel_ntn":"9999999","matched_party_id":672,"matched_party_name":"Raheem ks","matched_party_ntn":"9999999","matched_company_id":10,"note":"used_existing_party"}
{"timestamp":"2026-07-02 18:19:56","invoice":26055474,"row":156,"excel_name":"Naseem gs","excel_ntn":"9999999","matched_party_id":673,"matched_party_name":"Naseem gs","matched_party_ntn":"9999999","matched_company_id":10,"note":"used_existing_party"}
{"timestamp":"2026-07-02 18:19:56","invoice":26055475,"row":158,"excel_name":"Bashir gs","excel_ntn":"9999999","matched_party_id":674,"matched_party_name":"Bashir gs","matched_party_ntn":"9999999","matched_company_id":10,"note":"used_existing_party"}
{"timestamp":"2026-07-02 18:19:56","invoice":26055476,"row":162,"excel_name":"Zahoor Kiryana Store","excel_ntn":"9999999","matched_party_id":675,"matched_party_name":"Zahoor Kiryana Store","matched_party_ntn":"9999999","matched_company_id":10,"note":"used_existing_party"}
{"timestamp":"2026-07-02 18:19:56","invoice":26055477,"row":163,"excel_name":"Haider gs","excel_ntn":"9999999","matched_party_id":676,"matched_party_name":"Haider gs","matched_party_ntn":"9999999","matched_company_id":10,"note":"used_existing_party"}
{"timestamp":"2026-07-02 18:19:56","invoice":26055478,"row":164,"excel_name":"BismillahC&C","excel_ntn":"9999999","matched_party_id":677,"matched_party_name":"BismillahC&C","matched_party_ntn":"9999999","matched_company_id":10,"note":"used_existing_party"}
{"timestamp":"2026-07-02 18:19:56","invoice":26055479,"row":171,"excel_name":"BismillahC&C","excel_ntn":"9999999","matched_party_id":677,"matched_party_name":"BismillahC&C","matched_party_ntn":"9999999","matched_company_id":10,"note":"used_existing_party"}
{"timestamp":"2026-07-02 18:19:56","invoice":26055480,"row":172,"excel_name":"Shah Jee General Store","excel_ntn":"9999999","matched_party_id":678,"matched_party_name":"Shah Jee General Store","matched_party_ntn":"9999999","matched_company_id":10,"note":"used_existing_party"}
{"timestamp":"2026-07-02 18:19:56","invoice":26055481,"row":173,"excel_name":"Farman gs","excel_ntn":"9999999","matched_party_id":679,"matched_party_name":"Farman gs","matched_party_ntn":"9999999","matched_company_id":10,"note":"used_existing_party"}
{"timestamp":"2026-07-02 18:19:56","invoice":26055482,"row":174,"excel_name":"Darya KS","excel_ntn":"9999999","matched_party_id":680,"matched_party_name":"Darya KS","matched_party_ntn":"9999999","matched_company_id":10,"note":"used_existing_party"}
{"timestamp":"2026-07-02 18:19:56","invoice":26055483,"row":175,"excel_name":"Sheikh Usman","excel_ntn":"9999999","matched_party_id":681,"matched_party_name":"Sheikh Usman","matched_party_ntn":"9999999","matched_company_id":10,"note":"used_existing_party"}
{"timestamp":"2026-07-02 18:19:56","invoice":26055484,"row":176,"excel_name":"PapuKaryanaStore","excel_ntn":"9999999","matched_party_id":682,"matched_party_name":"PapuKaryanaStore","matched_party_ntn":"9999999","matched_company_id":10,"note":"used_existing_party"}
{"timestamp":"2026-07-02 18:19:56","invoice":26055485,"row":177,"excel_name":"Mola BakshGeneral Store","excel_ntn":"9999999","matched_party_id":683,"matched_party_name":"Mola BakshGeneral Store","matched_party_ntn":"9999999","matched_company_id":10,"note":"used_existing_party"}
{"timestamp":"2026-07-02 18:19:56","invoice":26055486,"row":178,"excel_name":"Madina Karyana Store","excel_ntn":"9999999","matched_party_id":684,"matched_party_name":"Madina Karyana Store","matched_party_ntn":"9999999","matched_company_id":10,"note":"used_existing_party"}
{"timestamp":"2026-07-02 18:19:56","invoice":26055487,"row":179,"excel_name":"Madina General Store","excel_ntn":"9999999","matched_party_id":685,"matched_party_name":"Madina General Store","matched_party_ntn":"9999999","matched_company_id":10,"note":"used_existing_party"}
{"timestamp":"2026-07-02 18:19:56","invoice":26055488,"row":180,"excel_name":"HamidCMH","excel_ntn":"9999999","matched_party_id":686,"matched_party_name":"HamidCMH","matched_party_ntn":"9999999","matched_company_id":10,"note":"used_existing_party"}
{"timestamp":"2026-07-02 18:19:56","invoice":26055489,"row":181,"excel_name":"M.S Karyana Store","excel_ntn":"9999999","matched_party_id":687,"matched_party_name":"M.S Karyana Store","matched_party_ntn":"9999999","matched_company_id":10,"note":"used_existing_party"}
{"timestamp":"2026-07-02 18:19:56","invoice":26055490,"row":182,"excel_name":"Habib G\/S","excel_ntn":"9999999","matched_party_id":688,"matched_party_name":"Habib G\/S","matched_party_ntn":"9999999","matched_company_id":10,"note":"used_existing_party"}
{"timestamp":"2026-07-02 18:19:56","invoice":26055491,"row":183,"excel_name":"SajidCnadyLand","excel_ntn":"9999999","matched_party_id":689,"matched_party_name":"SajidCnadyLand","matched_party_ntn":"9999999","matched_company_id":10,"note":"used_existing_party"}
{"timestamp":"2026-07-02 18:19:56","invoice":26055492,"row":197,"excel_name":"SajidCnadyLand","excel_ntn":"9999999","matched_party_id":689,"matched_party_name":"SajidCnadyLand","matched_party_ntn":"9999999","matched_company_id":10,"note":"used_existing_party"}
{"timestamp":"2026-07-02 18:19:56","invoice":26055493,"row":198,"excel_name":"M.Usman","excel_ntn":"9999999","matched_party_id":690,"matched_party_name":"M.Usman","matched_party_ntn":"9999999","matched_company_id":10,"note":"used_existing_party"}
{"timestamp":"2026-07-02 18:19:56","invoice":26055494,"row":199,"excel_name":"Jamil Karyana Store","excel_ntn":"9999999","matched_party_id":691,"matched_party_name":"Jamil Karyana Store","matched_party_ntn":"9999999","matched_company_id":10,"note":"used_existing_party"}
{"timestamp":"2026-07-02 18:19:56","invoice":26055495,"row":200,"excel_name":"Jamil Karyana Store","excel_ntn":"9999999","matched_party_id":691,"matched_party_name":"Jamil Karyana Store","matched_party_ntn":"9999999","matched_company_id":10,"note":"used_existing_party"}
{"timestamp":"2026-07-02 18:19:56","invoice":26055496,"row":201,"excel_name":"Manzoor Elahi  gs","excel_ntn":"9999999","matched_party_id":692,"matched_party_name":"Manzoor Elahi  gs","matched_party_ntn":"9999999","matched_company_id":10,"note":"used_existing_party"}
{"timestamp":"2026-07-02 18:19:56","invoice":26055497,"row":202,"excel_name":"Abdul Jalil ks","excel_ntn":"9999999","matched_party_id":693,"matched_party_name":"Abdul Jalil ks","matched_party_ntn":"9999999","matched_company_id":10,"note":"used_existing_party"}
{"timestamp":"2026-07-02 18:19:56","invoice":26055498,"row":203,"excel_name":"AzeezWholesale","excel_ntn":"9999999","matched_party_id":694,"matched_party_name":"AzeezWholesale","matched_party_ntn":"9999999","matched_company_id":10,"note":"used_existing_party"}
{"timestamp":"2026-07-02 18:19:56","invoice":26055499,"row":204,"excel_name":"Chanar Shah Karyana Store","excel_ntn":"9999999","matched_party_id":695,"matched_party_name":"Chanar Shah Karyana Store","matched_party_ntn":"9999999","matched_company_id":10,"note":"used_existing_party"}
{"timestamp":"2026-07-02 18:19:56","invoice":26055500,"row":205,"excel_name":"AirUniversityMurtaza","excel_ntn":"9999999","matched_party_id":696,"matched_party_name":"AirUniversityMurtaza","matched_party_ntn":"9999999","matched_company_id":10,"note":"used_existing_party"}
{"timestamp":"2026-07-02 18:19:56","invoice":26055501,"row":206,"excel_name":"Faraz","excel_ntn":"9999999","matched_party_id":697,"matched_party_name":"Faraz","matched_party_ntn":"9999999","matched_company_id":10,"note":"used_existing_party"}
{"timestamp":"2026-07-02 18:19:56","invoice":26055502,"row":207,"excel_name":"Faraz","excel_ntn":"9999999","matched_party_id":697,"matched_party_name":"Faraz","matched_party_ntn":"9999999","matched_company_id":10,"note":"used_existing_party"}
{"timestamp":"2026-07-02 18:19:56","invoice":26055504,"row":210,"excel_name":"Ali zeyarat Karyana Store","excel_ntn":"9999999","matched_party_id":698,"matched_party_name":"Ali zeyarat Karyana Store","matched_party_ntn":"9999999","matched_company_id":10,"note":"used_existing_party"}
{"timestamp":"2026-07-02 18:19:56","invoice":26055505,"row":211,"excel_name":"Aihtesam Karyana Store","excel_ntn":"9999999","matched_party_id":699,"matched_party_name":"Aihtesam Karyana Store","matched_party_ntn":"9999999","matched_company_id":10,"note":"used_existing_party"}
{"timestamp":"2026-07-02 18:19:56","invoice":26055506,"row":212,"excel_name":"Imran Wholesale","excel_ntn":"9999999","matched_party_id":700,"matched_party_name":"Imran Wholesale","matched_party_ntn":"9999999","matched_company_id":10,"note":"used_existing_party"}
{"timestamp":"2026-07-02 18:19:56","invoice":26055507,"row":213,"excel_name":"786karyana","excel_ntn":"9999999","matched_party_id":638,"matched_party_name":"786karyana","matched_party_ntn":"9999999","matched_company_id":10,"note":"used_existing_party"}
{"timestamp":"2026-07-02 18:19:56","invoice":26055508,"row":219,"excel_name":"E&RTraders","excel_ntn":"9999999","matched_party_id":701,"matched_party_name":"E&RTraders","matched_party_ntn":"9999999","matched_company_id":10,"note":"used_existing_party"}
{"timestamp":"2026-07-02 18:19:56","invoice":26055509,"row":221,"excel_name":"786 Milk Shop","excel_ntn":"9999999","matched_party_id":702,"matched_party_name":"786 Milk Shop","matched_party_ntn":"9999999","matched_company_id":10,"note":"used_existing_party"}
{"timestamp":"2026-07-02 18:19:56","invoice":26055510,"row":223,"excel_name":"Artillery  Centre","excel_ntn":"9999999","matched_party_id":703,"matched_party_name":"Artillery  Centre","matched_party_ntn":"9999999","matched_company_id":10,"note":"used_existing_party"}
{"timestamp":"2026-07-02 18:19:56","invoice":26055511,"row":232,"excel_name":"MA Printing","excel_ntn":"9999999","matched_party_id":704,"matched_party_name":"MA Printing","matched_party_ntn":"9999999","matched_company_id":10,"note":"used_existing_party"}
{"timestamp":"2026-07-02 18:19:56","invoice":26055512,"row":234,"excel_name":"Gujjar Daries","excel_ntn":"9999999","matched_party_id":705,"matched_party_name":"Gujjar Daries","matched_party_ntn":"9999999","matched_company_id":10,"note":"used_existing_party"}
{"timestamp":"2026-07-02 18:19:56","invoice":26055513,"row":237,"excel_name":"Haji Yousaf And Sons","excel_ntn":"9999999","matched_party_id":706,"matched_party_name":"Haji Yousaf And Sons","matched_party_ntn":"9999999","matched_company_id":10,"note":"used_existing_party"}
{"timestamp":"2026-07-02 18:19:56","invoice":26055514,"row":240,"excel_name":"Sultangs","excel_ntn":"9999999","matched_party_id":707,"matched_party_name":"Sultangs","matched_party_ntn":"9999999","matched_company_id":10,"note":"used_existing_party"}
{"timestamp":"2026-07-02 18:19:56","invoice":26055515,"row":241,"excel_name":"MAJID K\/S","excel_ntn":"9999999","matched_party_id":708,"matched_party_name":"MAJID K\/S","matched_party_ntn":"9999999","matched_company_id":10,"note":"used_existing_party"}
{"timestamp":"2026-07-02 18:19:56","invoice":26055516,"row":242,"excel_name":"786","excel_ntn":"9999999","matched_party_id":709,"matched_party_name":"786","matched_party_ntn":"9999999","matched_company_id":10,"note":"used_existing_party"}
{"timestamp":"2026-07-02 18:19:56","invoice":26055517,"row":243,"excel_name":"Ibrahim gs","excel_ntn":"9999999","matched_party_id":710,"matched_party_name":"Ibrahim gs","matched_party_ntn":"9999999","matched_company_id":10,"note":"used_existing_party"}
{"timestamp":"2026-07-02 18:19:56","invoice":26055518,"row":244,"excel_name":"ShahidTukShop","excel_ntn":"9999999","matched_party_id":711,"matched_party_name":"ShahidTukShop","matched_party_ntn":"9999999","matched_company_id":10,"note":"used_existing_party"}
{"timestamp":"2026-07-02 18:19:56","invoice":26055520,"row":248,"excel_name":"Sajjad ks","excel_ntn":"9999999","matched_party_id":712,"matched_party_name":"Sajjad ks","matched_party_ntn":"9999999","matched_company_id":10,"note":"used_existing_party"}
{"timestamp":"2026-07-02 18:19:56","invoice":26055521,"row":249,"excel_name":"RafiqueMart","excel_ntn":"9999999","matched_party_id":713,"matched_party_name":"RafiqueMart","matched_party_ntn":"9999999","matched_company_id":10,"note":"used_existing_party"}
{"timestamp":"2026-07-02 18:19:56","invoice":26055522,"row":258,"excel_name":"DostMuhammadKs","excel_ntn":"9999999","matched_party_id":714,"matched_party_name":"DostMuhammadKs","matched_party_ntn":"9999999","matched_company_id":10,"note":"used_existing_party"}
{"timestamp":"2026-07-02 18:19:56","invoice":26055523,"row":269,"excel_name":"Matloob Ks","excel_ntn":"9999999","matched_party_id":715,"matched_party_name":"Matloob Ks","matched_party_ntn":"9999999","matched_company_id":10,"note":"used_existing_party"}
{"timestamp":"2026-07-02 18:19:56","invoice":26055524,"row":270,"excel_name":"Ahmed Keryana store","excel_ntn":"9999999","matched_party_id":716,"matched_party_name":"Ahmed Keryana store","matched_party_ntn":"9999999","matched_company_id":10,"note":"used_existing_party"}
{"timestamp":"2026-07-02 18:19:56","invoice":26055525,"row":271,"excel_name":"K.DFoods","excel_ntn":"9999999","matched_party_id":717,"matched_party_name":"K.DFoods","matched_party_ntn":"9999999","matched_company_id":10,"note":"used_existing_party"}
{"timestamp":"2026-07-02 18:19:56","invoice":26055526,"row":272,"excel_name":"Shiekh Hassan Keryana store","excel_ntn":"9999999","matched_party_id":718,"matched_party_name":"Shiekh Hassan Keryana store","matched_party_ntn":"9999999","matched_company_id":10,"note":"used_existing_party"}
{"timestamp":"2026-07-02 18:19:56","invoice":26055527,"row":273,"excel_name":"BismillahKS","excel_ntn":"9999999","matched_party_id":719,"matched_party_name":"BismillahKS","matched_party_ntn":"9999999","matched_company_id":10,"note":"used_existing_party"}
{"timestamp":"2026-07-02 18:19:56","invoice":26055528,"row":282,"excel_name":"Anas Ks","excel_ntn":"9999999","matched_party_id":720,"matched_party_name":"Anas Ks","matched_party_ntn":"9999999","matched_company_id":10,"note":"used_existing_party"}
{"timestamp":"2026-07-02 18:19:56","invoice":26055529,"row":283,"excel_name":"FrozenFuel","excel_ntn":"9999999","matched_party_id":721,"matched_party_name":"FrozenFuel","matched_party_ntn":"9999999","matched_company_id":10,"note":"used_existing_party"}
{"timestamp":"2026-07-02 18:19:56","invoice":26055530,"row":287,"excel_name":"AlJannatBakery","excel_ntn":"9999999","matched_party_id":722,"matched_party_name":"AlJannatBakery","matched_party_ntn":"9999999","matched_company_id":10,"note":"used_existing_party"}
{"timestamp":"2026-07-02 18:19:56","invoice":26055531,"row":305,"excel_name":"PolicewelfareKeryanastore","excel_ntn":"9999999","matched_party_id":723,"matched_party_name":"PolicewelfareKeryanastore","matched_party_ntn":"9999999","matched_company_id":10,"note":"used_existing_party"}
{"timestamp":"2026-07-02 18:19:56","invoice":26055532,"row":306,"excel_name":"Naqash pharmacy","excel_ntn":"9999999","matched_party_id":724,"matched_party_name":"Naqash pharmacy","matched_party_ntn":"9999999","matched_company_id":10,"note":"used_existing_party"}
{"timestamp":"2026-07-02 18:19:56","invoice":26055533,"row":308,"excel_name":"95 gs","excel_ntn":"9999999","matched_party_id":725,"matched_party_name":"95 gs","matched_party_ntn":"9999999","matched_company_id":10,"note":"used_existing_party"}
{"timestamp":"2026-07-02 18:19:57","invoice":26055534,"row":312,"excel_name":"Hammad Ks","excel_ntn":"9999999","matched_party_id":726,"matched_party_name":"Hammad Ks","matched_party_ntn":"9999999","matched_company_id":10,"note":"used_existing_party"}
{"timestamp":"2026-07-02 18:19:57","invoice":26055535,"row":313,"excel_name":"Khattak Keryana store","excel_ntn":"9999999","matched_party_id":727,"matched_party_name":"Khattak Keryana store","matched_party_ntn":"9999999","matched_company_id":10,"note":"used_existing_party"}
{"timestamp":"2026-07-02 18:19:57","invoice":26055536,"row":315,"excel_name":"Haji ArshadKeryana store","excel_ntn":"9999999","matched_party_id":728,"matched_party_name":"Haji ArshadKeryana store","matched_party_ntn":"9999999","matched_company_id":10,"note":"used_existing_party"}
{"timestamp":"2026-07-02 18:19:57","invoice":26055537,"row":319,"excel_name":"Musags","excel_ntn":"9999999","matched_party_id":729,"matched_party_name":"Musags","matched_party_ntn":"9999999","matched_company_id":10,"note":"used_existing_party"}
{"timestamp":"2026-07-02 18:19:57","invoice":26055564,"row":320,"excel_name":"RiazTraders","excel_ntn":"9999999","matched_party_id":730,"matched_party_name":"RiazTraders","matched_party_ntn":"9999999","matched_company_id":10,"note":"used_existing_party"}
{"timestamp":"2026-07-02 18:19:57","invoice":26055565,"row":324,"excel_name":"MUZAFFARTRADERS","excel_ntn":"9999999","matched_party_id":731,"matched_party_name":"MUZAFFARTRADERS","matched_party_ntn":"9999999","matched_company_id":10,"note":"used_existing_party"}
{"timestamp":"2026-07-02 18:19:57","invoice":26055566,"row":326,"excel_name":"Waseem Bakery","excel_ntn":"9999999","matched_party_id":732,"matched_party_name":"Waseem Bakery","matched_party_ntn":"9999999","matched_company_id":10,"note":"used_existing_party"}
{"timestamp":"2026-07-02 18:19:57","invoice":26055567,"row":330,"excel_name":"Shareen MehalBakery","excel_ntn":"9999999","matched_party_id":733,"matched_party_name":"Shareen MehalBakery","matched_party_ntn":"9999999","matched_company_id":10,"note":"used_existing_party"}
{"timestamp":"2026-07-02 18:19:57","invoice":26055568,"row":335,"excel_name":"RiazSweets&Wholesale","excel_ntn":"9999999","matched_party_id":734,"matched_party_name":"RiazSweets&Wholesale","matched_party_ntn":"9999999","matched_company_id":10,"note":"used_existing_party"}
{"timestamp":"2026-07-02 18:19:57","invoice":26055569,"row":339,"excel_name":"AtifWholesale","excel_ntn":"9999999","matched_party_id":735,"matched_party_name":"AtifWholesale","matched_party_ntn":"9999999","matched_company_id":10,"note":"used_existing_party"}
{"timestamp":"2026-07-02 18:19:57","invoice":26055570,"row":347,"excel_name":"AsadBakery","excel_ntn":"9999999","matched_party_id":736,"matched_party_name":"AsadBakery","matched_party_ntn":"9999999","matched_company_id":10,"note":"used_existing_party"}
{"timestamp":"2026-07-02 18:19:57","invoice":26055571,"row":354,"excel_name":"AbdulRahmanTRD","excel_ntn":"9999999","matched_party_id":737,"matched_party_name":"AbdulRahmanTRD","matched_party_ntn":"9999999","matched_company_id":10,"note":"used_existing_party"}
{"timestamp":"2026-07-02 18:19:57","invoice":26055572,"row":355,"excel_name":"Niaz&Sons","excel_ntn":"9999999","matched_party_id":738,"matched_party_name":"Niaz&Sons","matched_party_ntn":"9999999","matched_company_id":10,"note":"used_existing_party"}
{"timestamp":"2026-07-02 18:19:57","invoice":26055573,"row":356,"excel_name":"ShamiWholesale","excel_ntn":"9999999","matched_party_id":739,"matched_party_name":"ShamiWholesale","matched_party_ntn":"9999999","matched_company_id":10,"note":"used_existing_party"}
{"timestamp":"2026-07-02 18:23:27","invoice":26055411,"row":2,"excel_name":"Ali Kiryana Store","excel_ntn":"9999999","matched_party_id":1096,"matched_party_name":"Ali Kiryana Store","matched_party_ntn":"9999999","matched_company_id":10,"note":"created_party"}
{"timestamp":"2026-07-02 18:23:27","invoice":26055412,"row":3,"excel_name":"WAQAR K\/S","excel_ntn":"9999999","matched_party_id":1097,"matched_party_name":"WAQAR K\/S","matched_party_ntn":"9999999","matched_company_id":10,"note":"created_party"}
{"timestamp":"2026-07-02 18:23:27","invoice":26055413,"row":4,"excel_name":"FatimaPH","excel_ntn":"9999999","matched_party_id":1098,"matched_party_name":"FatimaPH","matched_party_ntn":"9999999","matched_company_id":10,"note":"created_party"}
{"timestamp":"2026-07-02 18:23:27","invoice":26055414,"row":5,"excel_name":"AL REHMAN","excel_ntn":"9999999","matched_party_id":1099,"matched_party_name":"AL REHMAN","matched_party_ntn":"9999999","matched_company_id":10,"note":"created_party"}
{"timestamp":"2026-07-02 18:23:27","invoice":26055415,"row":6,"excel_name":"Kamran gs","excel_ntn":"9999999","matched_party_id":1100,"matched_party_name":"Kamran gs","matched_party_ntn":"9999999","matched_company_id":10,"note":"created_party"}
{"timestamp":"2026-07-02 18:23:27","invoice":26055416,"row":7,"excel_name":"HamzaGS2","excel_ntn":"9999999","matched_party_id":1101,"matched_party_name":"HamzaGS2","matched_party_ntn":"9999999","matched_company_id":10,"note":"created_party"}
{"timestamp":"2026-07-02 18:23:27","invoice":26055417,"row":22,"excel_name":"CityPharmacy","excel_ntn":"9999999","matched_party_id":1102,"matched_party_name":"CityPharmacy","matched_party_ntn":"9999999","matched_company_id":10,"note":"created_party"}
{"timestamp":"2026-07-02 18:23:27","invoice":26055419,"row":23,"excel_name":"Abid ks","excel_ntn":"9999999","matched_party_id":1103,"matched_party_name":"Abid ks","matched_party_ntn":"9999999","matched_company_id":10,"note":"created_party"}
{"timestamp":"2026-07-02 18:23:27","invoice":26055420,"row":24,"excel_name":"TAHIRkaryana","excel_ntn":"9999999","matched_party_id":1104,"matched_party_name":"TAHIRkaryana","matched_party_ntn":"9999999","matched_company_id":10,"note":"created_party"}
{"timestamp":"2026-07-02 18:23:27","invoice":26055421,"row":25,"excel_name":"SHEHZADkaryana","excel_ntn":"9999999","matched_party_id":1105,"matched_party_name":"SHEHZADkaryana","matched_party_ntn":"9999999","matched_company_id":10,"note":"created_party"}
{"timestamp":"2026-07-02 18:23:27","invoice":26055422,"row":26,"excel_name":"SHAHGkaryana","excel_ntn":"9999999","matched_party_id":1106,"matched_party_name":"SHAHGkaryana","matched_party_ntn":"9999999","matched_company_id":10,"note":"created_party"}
{"timestamp":"2026-07-02 18:23:27","invoice":26055423,"row":27,"excel_name":"DHQ Canteen","excel_ntn":"9999999","matched_party_id":1107,"matched_party_name":"DHQ Canteen","matched_party_ntn":"9999999","matched_company_id":10,"note":"created_party"}
{"timestamp":"2026-07-02 18:23:27","invoice":26055424,"row":38,"excel_name":"ShahNawazKaryana","excel_ntn":"9999999","matched_party_id":1108,"matched_party_name":"ShahNawazKaryana","matched_party_ntn":"9999999","matched_company_id":10,"note":"created_party"}
{"timestamp":"2026-07-02 18:23:27","invoice":26055425,"row":45,"excel_name":"SAMIGENERAL","excel_ntn":"9999999","matched_party_id":1109,"matched_party_name":"SAMIGENERAL","matched_party_ntn":"9999999","matched_company_id":10,"note":"created_party"}
{"timestamp":"2026-07-02 18:23:27","invoice":26055426,"row":58,"excel_name":"M.Dkaryana","excel_ntn":"9999999","matched_party_id":1110,"matched_party_name":"M.Dkaryana","matched_party_ntn":"9999999","matched_company_id":10,"note":"created_party"}
{"timestamp":"2026-07-02 18:23:27","invoice":26055427,"row":60,"excel_name":"KHATTAKkaryana","excel_ntn":"9999999","matched_party_id":1111,"matched_party_name":"KHATTAKkaryana","matched_party_ntn":"9999999","matched_company_id":10,"note":"created_party"}
{"timestamp":"2026-07-02 18:23:27","invoice":26055428,"row":61,"excel_name":"JANNATGULLkaryana","excel_ntn":"9999999","matched_party_id":1112,"matched_party_name":"JANNATGULLkaryana","matched_party_ntn":"9999999","matched_company_id":10,"note":"created_party"}
{"timestamp":"2026-07-02 18:23:27","invoice":26055429,"row":65,"excel_name":"HAFIZ K\/S","excel_ntn":"9999999","matched_party_id":1113,"matched_party_name":"HAFIZ K\/S","matched_party_ntn":"9999999","matched_company_id":10,"note":"created_party"}
{"timestamp":"2026-07-02 18:23:27","invoice":26055430,"row":66,"excel_name":"ChachKaryana","excel_ntn":"9999999","matched_party_id":1114,"matched_party_name":"ChachKaryana","matched_party_ntn":"9999999","matched_company_id":10,"note":"created_party"}
{"timestamp":"2026-07-02 18:23:27","invoice":26055431,"row":67,"excel_name":"BABARkaryana","excel_ntn":"9999999","matched_party_id":1115,"matched_party_name":"BABARkaryana","matched_party_ntn":"9999999","matched_company_id":10,"note":"created_party"}
{"timestamp":"2026-07-02 18:23:27","invoice":26055432,"row":68,"excel_name":"AWANkaryana","excel_ntn":"9999999","matched_party_id":1116,"matched_party_name":"AWANkaryana","matched_party_ntn":"9999999","matched_company_id":10,"note":"created_party"}
{"timestamp":"2026-07-02 18:23:27","invoice":26055433,"row":69,"excel_name":"AWANgeneral","excel_ntn":"9999999","matched_party_id":1117,"matched_party_name":"AWANgeneral","matched_party_ntn":"9999999","matched_company_id":10,"note":"created_party"}
{"timestamp":"2026-07-02 18:23:27","invoice":26055434,"row":70,"excel_name":"AFZALTUK SHOP","excel_ntn":"9999999","matched_party_id":1118,"matched_party_name":"AFZALTUK SHOP","matched_party_ntn":"9999999","matched_company_id":10,"note":"created_party"}
{"timestamp":"2026-07-02 18:23:27","invoice":26055435,"row":71,"excel_name":"ADEELkaryana","excel_ntn":"9999999","matched_party_id":1119,"matched_party_name":"ADEELkaryana","matched_party_ntn":"9999999","matched_company_id":10,"note":"created_party"}
{"timestamp":"2026-07-02 18:23:27","invoice":26055436,"row":72,"excel_name":"ABIDkaryana","excel_ntn":"9999999","matched_party_id":1120,"matched_party_name":"ABIDkaryana","matched_party_ntn":"9999999","matched_company_id":10,"note":"created_party"}
{"timestamp":"2026-07-02 18:23:27","invoice":26055437,"row":73,"excel_name":"Al Madina gs","excel_ntn":"9999999","matched_party_id":1121,"matched_party_name":"Al Madina gs","matched_party_ntn":"9999999","matched_company_id":10,"note":"created_party"}
{"timestamp":"2026-07-02 18:23:27","invoice":26055438,"row":74,"excel_name":"786karyana","excel_ntn":"9999999","matched_party_id":1122,"matched_party_name":"786karyana","matched_party_ntn":"9999999","matched_company_id":10,"note":"created_party"}
{"timestamp":"2026-07-02 18:23:27","invoice":26055439,"row":82,"excel_name":"BestChoice","excel_ntn":"9999999","matched_party_id":1123,"matched_party_name":"BestChoice","matched_party_ntn":"9999999","matched_company_id":10,"note":"created_party"}
{"timestamp":"2026-07-02 18:23:27","invoice":26055440,"row":83,"excel_name":"Masood Wholesaler","excel_ntn":"9999999","matched_party_id":1124,"matched_party_name":"Masood Wholesaler","matched_party_ntn":"9999999","matched_company_id":10,"note":"created_party"}
{"timestamp":"2026-07-02 18:23:27","invoice":26055441,"row":84,"excel_name":"MatheenMshop","excel_ntn":"9999999","matched_party_id":1125,"matched_party_name":"MatheenMshop","matched_party_ntn":"9999999","matched_company_id":10,"note":"created_party"}
{"timestamp":"2026-07-02 18:23:27","invoice":26055442,"row":85,"excel_name":"NASEEM","excel_ntn":"9999999","matched_party_id":1126,"matched_party_name":"NASEEM","matched_party_ntn":"9999999","matched_company_id":10,"note":"created_party"}
{"timestamp":"2026-07-02 18:23:27","invoice":26055443,"row":86,"excel_name":"ASHIQ","excel_ntn":"9999999","matched_party_id":1127,"matched_party_name":"ASHIQ","matched_party_ntn":"9999999","matched_company_id":10,"note":"created_party"}
{"timestamp":"2026-07-02 18:23:27","invoice":26055444,"row":87,"excel_name":"UMAIR K\/S","excel_ntn":"9999999","matched_party_id":1128,"matched_party_name":"UMAIR K\/S","matched_party_ntn":"9999999","matched_company_id":10,"note":"created_party"}
{"timestamp":"2026-07-02 18:23:27","invoice":26055445,"row":88,"excel_name":"ILLAHI K\/S","excel_ntn":"9999999","matched_party_id":1129,"matched_party_name":"ILLAHI K\/S","matched_party_ntn":"9999999","matched_company_id":10,"note":"created_party"}
{"timestamp":"2026-07-02 18:23:27","invoice":26055446,"row":89,"excel_name":"AWAIS K\/S","excel_ntn":"9999999","matched_party_id":1130,"matched_party_name":"AWAIS K\/S","matched_party_ntn":"9999999","matched_company_id":10,"note":"created_party"}
{"timestamp":"2026-07-02 18:23:27","invoice":26055447,"row":90,"excel_name":"Shoiabwhole sale","excel_ntn":"9999999","matched_party_id":1131,"matched_party_name":"Shoiabwhole sale","matched_party_ntn":"9999999","matched_company_id":10,"note":"created_party"}
{"timestamp":"2026-07-02 18:23:27","invoice":26055448,"row":93,"excel_name":"Shani  Keryana store","excel_ntn":"9999999","matched_party_id":1132,"matched_party_name":"Shani  Keryana store","matched_party_ntn":"9999999","matched_company_id":10,"note":"created_party"}
{"timestamp":"2026-07-02 18:23:27","invoice":26055449,"row":94,"excel_name":"Shaker derawhole sale","excel_ntn":"9999999","matched_party_id":1133,"matched_party_name":"Shaker derawhole sale","matched_party_ntn":"9999999","matched_company_id":10,"note":"created_party"}
{"timestamp":"2026-07-02 18:23:27","invoice":26055450,"row":99,"excel_name":"USMAN gs","excel_ntn":"9999999","matched_party_id":1134,"matched_party_name":"USMAN gs","matched_party_ntn":"9999999","matched_company_id":10,"note":"created_party"}
{"timestamp":"2026-07-02 18:23:27","invoice":26055451,"row":100,"excel_name":"Sajawal ks","excel_ntn":"9999999","matched_party_id":1135,"matched_party_name":"Sajawal ks","matched_party_ntn":"9999999","matched_company_id":10,"note":"created_party"}
{"timestamp":"2026-07-02 18:23:27","invoice":26055452,"row":103,"excel_name":"Sajawal ks","excel_ntn":"9999999","matched_party_id":1135,"matched_party_name":"Sajawal ks","matched_party_ntn":"9999999","matched_company_id":10,"note":"used_existing_party"}
{"timestamp":"2026-07-02 18:23:27","invoice":26055453,"row":104,"excel_name":"Pervaiz Keryana store","excel_ntn":"9999999","matched_party_id":1136,"matched_party_name":"Pervaiz Keryana store","matched_party_ntn":"9999999","matched_company_id":10,"note":"created_party"}
{"timestamp":"2026-07-02 18:23:27","invoice":26055454,"row":105,"excel_name":"PakeezaKeryana store","excel_ntn":"9999999","matched_party_id":1137,"matched_party_name":"PakeezaKeryana store","matched_party_ntn":"9999999","matched_company_id":10,"note":"created_party"}
{"timestamp":"2026-07-02 18:23:27","invoice":26055455,"row":109,"excel_name":"UbaidGeneralStore","excel_ntn":"9999999","matched_party_id":1138,"matched_party_name":"UbaidGeneralStore","matched_party_ntn":"9999999","matched_company_id":10,"note":"created_party"}
{"timestamp":"2026-07-02 18:23:27","invoice":26055456,"row":124,"excel_name":"MufeedKeryana store","excel_ntn":"9999999","matched_party_id":1139,"matched_party_name":"MufeedKeryana store","matched_party_ntn":"9999999","matched_company_id":10,"note":"created_party"}
{"timestamp":"2026-07-02 18:23:27","invoice":26055457,"row":125,"excel_name":"MalyarKeryana store","excel_ntn":"9999999","matched_party_id":1140,"matched_party_name":"MalyarKeryana store","matched_party_ntn":"9999999","matched_company_id":10,"note":"created_party"}
{"timestamp":"2026-07-02 18:23:27","invoice":26055458,"row":127,"excel_name":"M.S gs","excel_ntn":"9999999","matched_party_id":1141,"matched_party_name":"M.S gs","matched_party_ntn":"9999999","matched_company_id":10,"note":"created_party"}
{"timestamp":"2026-07-02 18:23:27","invoice":26055459,"row":128,"excel_name":"KashanKeryana store","excel_ntn":"9999999","matched_party_id":1142,"matched_party_name":"KashanKeryana store","matched_party_ntn":"9999999","matched_company_id":10,"note":"created_party"}
{"timestamp":"2026-07-02 18:23:27","invoice":26055460,"row":129,"excel_name":"JavedKeryana store","excel_ntn":"9999999","matched_party_id":1143,"matched_party_name":"JavedKeryana store","matched_party_ntn":"9999999","matched_company_id":10,"note":"created_party"}
{"timestamp":"2026-07-02 18:23:27","invoice":26055461,"row":130,"excel_name":"IrshadKeryana store","excel_ntn":"9999999","matched_party_id":1144,"matched_party_name":"IrshadKeryana store","matched_party_ntn":"9999999","matched_company_id":10,"note":"created_party"}
{"timestamp":"2026-07-02 18:23:27","invoice":26055462,"row":131,"excel_name":"InsafKeryana store","excel_ntn":"9999999","matched_party_id":1145,"matched_party_name":"InsafKeryana store","matched_party_ntn":"9999999","matched_company_id":10,"note":"created_party"}
{"timestamp":"2026-07-02 18:23:27","invoice":26055463,"row":133,"excel_name":"ImranKeryana store","excel_ntn":"9999999","matched_party_id":1146,"matched_party_name":"ImranKeryana store","matched_party_ntn":"9999999","matched_company_id":10,"note":"created_party"}
{"timestamp":"2026-07-02 18:23:27","invoice":26055464,"row":134,"excel_name":"HussainKeryana store","excel_ntn":"9999999","matched_party_id":1147,"matched_party_name":"HussainKeryana store","matched_party_ntn":"9999999","matched_company_id":10,"note":"created_party"}
{"timestamp":"2026-07-02 18:23:27","invoice":26055465,"row":135,"excel_name":"Hamza Keryana store","excel_ntn":"9999999","matched_party_id":1148,"matched_party_name":"Hamza Keryana store","matched_party_ntn":"9999999","matched_company_id":10,"note":"created_party"}
{"timestamp":"2026-07-02 18:23:27","invoice":26055466,"row":136,"excel_name":"Haji rab NawazKeryana store","excel_ntn":"9999999","matched_party_id":1149,"matched_party_name":"Haji rab NawazKeryana store","matched_party_ntn":"9999999","matched_company_id":10,"note":"created_party"}
{"timestamp":"2026-07-02 18:23:27","invoice":26055467,"row":137,"excel_name":"Hassnain Ks","excel_ntn":"9999999","matched_party_id":1150,"matched_party_name":"Hassnain Ks","matched_party_ntn":"9999999","matched_company_id":10,"note":"created_party"}
{"timestamp":"2026-07-02 18:23:27","invoice":26055468,"row":138,"excel_name":"Ghulam rasul Keryana store","excel_ntn":"9999999","matched_party_id":1151,"matched_party_name":"Ghulam rasul Keryana store","matched_party_ntn":"9999999","matched_company_id":10,"note":"created_party"}
{"timestamp":"2026-07-02 18:23:27","invoice":26055469,"row":148,"excel_name":"ChoudryKeryana store","excel_ntn":"9999999","matched_party_id":1152,"matched_party_name":"ChoudryKeryana store","matched_party_ntn":"9999999","matched_company_id":10,"note":"created_party"}
{"timestamp":"2026-07-02 18:23:27","invoice":26055470,"row":149,"excel_name":"BillalKeryana store","excel_ntn":"9999999","matched_party_id":1153,"matched_party_name":"BillalKeryana store","matched_party_ntn":"9999999","matched_company_id":10,"note":"created_party"}
{"timestamp":"2026-07-02 18:23:27","invoice":26055471,"row":150,"excel_name":"AttiqueKeryana store","excel_ntn":"9999999","matched_party_id":1154,"matched_party_name":"AttiqueKeryana store","matched_party_ntn":"9999999","matched_company_id":10,"note":"created_party"}
{"timestamp":"2026-07-02 18:23:28","invoice":26055472,"row":151,"excel_name":"Danish Bakers","excel_ntn":"9999999","matched_party_id":1155,"matched_party_name":"Danish Bakers","matched_party_ntn":"9999999","matched_company_id":10,"note":"created_party"}
{"timestamp":"2026-07-02 18:23:28","invoice":26055473,"row":155,"excel_name":"Raheem ks","excel_ntn":"9999999","matched_party_id":1156,"matched_party_name":"Raheem ks","matched_party_ntn":"9999999","matched_company_id":10,"note":"created_party"}
{"timestamp":"2026-07-02 18:23:28","invoice":26055474,"row":156,"excel_name":"Naseem gs","excel_ntn":"9999999","matched_party_id":1157,"matched_party_name":"Naseem gs","matched_party_ntn":"9999999","matched_company_id":10,"note":"created_party"}
{"timestamp":"2026-07-02 18:23:28","invoice":26055475,"row":158,"excel_name":"Bashir gs","excel_ntn":"9999999","matched_party_id":1158,"matched_party_name":"Bashir gs","matched_party_ntn":"9999999","matched_company_id":10,"note":"created_party"}
{"timestamp":"2026-07-02 18:23:28","invoice":26055476,"row":162,"excel_name":"Zahoor Kiryana Store","excel_ntn":"9999999","matched_party_id":1159,"matched_party_name":"Zahoor Kiryana Store","matched_party_ntn":"9999999","matched_company_id":10,"note":"created_party"}
{"timestamp":"2026-07-02 18:23:28","invoice":26055477,"row":163,"excel_name":"Haider gs","excel_ntn":"9999999","matched_party_id":1160,"matched_party_name":"Haider gs","matched_party_ntn":"9999999","matched_company_id":10,"note":"created_party"}
{"timestamp":"2026-07-02 18:23:28","invoice":26055478,"row":164,"excel_name":"BismillahC&C","excel_ntn":"9999999","matched_party_id":1161,"matched_party_name":"BismillahC&C","matched_party_ntn":"9999999","matched_company_id":10,"note":"created_party"}
{"timestamp":"2026-07-02 18:23:28","invoice":26055479,"row":171,"excel_name":"BismillahC&C","excel_ntn":"9999999","matched_party_id":1161,"matched_party_name":"BismillahC&C","matched_party_ntn":"9999999","matched_company_id":10,"note":"used_existing_party"}
{"timestamp":"2026-07-02 18:23:28","invoice":26055480,"row":172,"excel_name":"Shah Jee General Store","excel_ntn":"9999999","matched_party_id":1162,"matched_party_name":"Shah Jee General Store","matched_party_ntn":"9999999","matched_company_id":10,"note":"created_party"}
{"timestamp":"2026-07-02 18:23:28","invoice":26055481,"row":173,"excel_name":"Farman gs","excel_ntn":"9999999","matched_party_id":1163,"matched_party_name":"Farman gs","matched_party_ntn":"9999999","matched_company_id":10,"note":"created_party"}
{"timestamp":"2026-07-02 18:23:28","invoice":26055482,"row":174,"excel_name":"Darya KS","excel_ntn":"9999999","matched_party_id":1164,"matched_party_name":"Darya KS","matched_party_ntn":"9999999","matched_company_id":10,"note":"created_party"}
{"timestamp":"2026-07-02 18:23:28","invoice":26055483,"row":175,"excel_name":"Sheikh Usman","excel_ntn":"9999999","matched_party_id":1165,"matched_party_name":"Sheikh Usman","matched_party_ntn":"9999999","matched_company_id":10,"note":"created_party"}
{"timestamp":"2026-07-02 18:23:28","invoice":26055484,"row":176,"excel_name":"PapuKaryanaStore","excel_ntn":"9999999","matched_party_id":1166,"matched_party_name":"PapuKaryanaStore","matched_party_ntn":"9999999","matched_company_id":10,"note":"created_party"}
{"timestamp":"2026-07-02 18:23:28","invoice":26055485,"row":177,"excel_name":"Mola BakshGeneral Store","excel_ntn":"9999999","matched_party_id":1167,"matched_party_name":"Mola BakshGeneral Store","matched_party_ntn":"9999999","matched_company_id":10,"note":"created_party"}
{"timestamp":"2026-07-02 18:23:28","invoice":26055486,"row":178,"excel_name":"Madina Karyana Store","excel_ntn":"9999999","matched_party_id":1168,"matched_party_name":"Madina Karyana Store","matched_party_ntn":"9999999","matched_company_id":10,"note":"created_party"}
{"timestamp":"2026-07-02 18:23:28","invoice":26055487,"row":179,"excel_name":"Madina General Store","excel_ntn":"9999999","matched_party_id":1169,"matched_party_name":"Madina General Store","matched_party_ntn":"9999999","matched_company_id":10,"note":"created_party"}
{"timestamp":"2026-07-02 18:23:28","invoice":26055488,"row":180,"excel_name":"HamidCMH","excel_ntn":"9999999","matched_party_id":1170,"matched_party_name":"HamidCMH","matched_party_ntn":"9999999","matched_company_id":10,"note":"created_party"}
{"timestamp":"2026-07-02 18:23:28","invoice":26055489,"row":181,"excel_name":"M.S Karyana Store","excel_ntn":"9999999","matched_party_id":1171,"matched_party_name":"M.S Karyana Store","matched_party_ntn":"9999999","matched_company_id":10,"note":"created_party"}
{"timestamp":"2026-07-02 18:23:28","invoice":26055490,"row":182,"excel_name":"Habib G\/S","excel_ntn":"9999999","matched_party_id":1172,"matched_party_name":"Habib G\/S","matched_party_ntn":"9999999","matched_company_id":10,"note":"created_party"}
{"timestamp":"2026-07-02 18:23:28","invoice":26055491,"row":183,"excel_name":"SajidCnadyLand","excel_ntn":"9999999","matched_party_id":1173,"matched_party_name":"SajidCnadyLand","matched_party_ntn":"9999999","matched_company_id":10,"note":"created_party"}
{"timestamp":"2026-07-02 18:23:28","invoice":26055492,"row":197,"excel_name":"SajidCnadyLand","excel_ntn":"9999999","matched_party_id":1173,"matched_party_name":"SajidCnadyLand","matched_party_ntn":"9999999","matched_company_id":10,"note":"used_existing_party"}
{"timestamp":"2026-07-02 18:23:28","invoice":26055493,"row":198,"excel_name":"M.Usman","excel_ntn":"9999999","matched_party_id":1174,"matched_party_name":"M.Usman","matched_party_ntn":"9999999","matched_company_id":10,"note":"created_party"}
{"timestamp":"2026-07-02 18:23:28","invoice":26055494,"row":199,"excel_name":"Jamil Karyana Store","excel_ntn":"9999999","matched_party_id":1175,"matched_party_name":"Jamil Karyana Store","matched_party_ntn":"9999999","matched_company_id":10,"note":"created_party"}
{"timestamp":"2026-07-02 18:23:28","invoice":26055495,"row":200,"excel_name":"Jamil Karyana Store","excel_ntn":"9999999","matched_party_id":1175,"matched_party_name":"Jamil Karyana Store","matched_party_ntn":"9999999","matched_company_id":10,"note":"used_existing_party"}
{"timestamp":"2026-07-02 18:23:28","invoice":26055496,"row":201,"excel_name":"Manzoor Elahi  gs","excel_ntn":"9999999","matched_party_id":1176,"matched_party_name":"Manzoor Elahi  gs","matched_party_ntn":"9999999","matched_company_id":10,"note":"created_party"}
{"timestamp":"2026-07-02 18:23:28","invoice":26055497,"row":202,"excel_name":"Abdul Jalil ks","excel_ntn":"9999999","matched_party_id":1177,"matched_party_name":"Abdul Jalil ks","matched_party_ntn":"9999999","matched_company_id":10,"note":"created_party"}
{"timestamp":"2026-07-02 18:23:28","invoice":26055498,"row":203,"excel_name":"AzeezWholesale","excel_ntn":"9999999","matched_party_id":1178,"matched_party_name":"AzeezWholesale","matched_party_ntn":"9999999","matched_company_id":10,"note":"created_party"}
{"timestamp":"2026-07-02 18:23:28","invoice":26055499,"row":204,"excel_name":"Chanar Shah Karyana Store","excel_ntn":"9999999","matched_party_id":1179,"matched_party_name":"Chanar Shah Karyana Store","matched_party_ntn":"9999999","matched_company_id":10,"note":"created_party"}
{"timestamp":"2026-07-02 18:23:28","invoice":26055500,"row":205,"excel_name":"AirUniversityMurtaza","excel_ntn":"9999999","matched_party_id":1180,"matched_party_name":"AirUniversityMurtaza","matched_party_ntn":"9999999","matched_company_id":10,"note":"created_party"}
{"timestamp":"2026-07-02 18:23:28","invoice":26055501,"row":206,"excel_name":"Faraz","excel_ntn":"9999999","matched_party_id":1181,"matched_party_name":"Faraz","matched_party_ntn":"9999999","matched_company_id":10,"note":"created_party"}
{"timestamp":"2026-07-02 18:23:28","invoice":26055502,"row":207,"excel_name":"Faraz","excel_ntn":"9999999","matched_party_id":1181,"matched_party_name":"Faraz","matched_party_ntn":"9999999","matched_company_id":10,"note":"used_existing_party"}
{"timestamp":"2026-07-02 18:23:28","invoice":26055504,"row":210,"excel_name":"Ali zeyarat Karyana Store","excel_ntn":"9999999","matched_party_id":1182,"matched_party_name":"Ali zeyarat Karyana Store","matched_party_ntn":"9999999","matched_company_id":10,"note":"created_party"}
{"timestamp":"2026-07-02 18:23:28","invoice":26055505,"row":211,"excel_name":"Aihtesam Karyana Store","excel_ntn":"9999999","matched_party_id":1183,"matched_party_name":"Aihtesam Karyana Store","matched_party_ntn":"9999999","matched_company_id":10,"note":"created_party"}
{"timestamp":"2026-07-02 18:23:28","invoice":26055506,"row":212,"excel_name":"Imran Wholesale","excel_ntn":"9999999","matched_party_id":1184,"matched_party_name":"Imran Wholesale","matched_party_ntn":"9999999","matched_company_id":10,"note":"created_party"}
{"timestamp":"2026-07-02 18:23:28","invoice":26055507,"row":213,"excel_name":"786karyana","excel_ntn":"9999999","matched_party_id":1122,"matched_party_name":"786karyana","matched_party_ntn":"9999999","matched_company_id":10,"note":"used_existing_party"}
{"timestamp":"2026-07-02 18:23:28","invoice":26055508,"row":219,"excel_name":"E&RTraders","excel_ntn":"9999999","matched_party_id":1185,"matched_party_name":"E&RTraders","matched_party_ntn":"9999999","matched_company_id":10,"note":"created_party"}
{"timestamp":"2026-07-02 18:23:28","invoice":26055509,"row":221,"excel_name":"786 Milk Shop","excel_ntn":"9999999","matched_party_id":1186,"matched_party_name":"786 Milk Shop","matched_party_ntn":"9999999","matched_company_id":10,"note":"created_party"}
{"timestamp":"2026-07-02 18:23:28","invoice":26055510,"row":223,"excel_name":"Artillery  Centre","excel_ntn":"9999999","matched_party_id":1187,"matched_party_name":"Artillery  Centre","matched_party_ntn":"9999999","matched_company_id":10,"note":"created_party"}
{"timestamp":"2026-07-02 18:23:28","invoice":26055511,"row":232,"excel_name":"MA Printing","excel_ntn":"9999999","matched_party_id":1188,"matched_party_name":"MA Printing","matched_party_ntn":"9999999","matched_company_id":10,"note":"created_party"}
{"timestamp":"2026-07-02 18:23:28","invoice":26055512,"row":234,"excel_name":"Gujjar Daries","excel_ntn":"9999999","matched_party_id":1189,"matched_party_name":"Gujjar Daries","matched_party_ntn":"9999999","matched_company_id":10,"note":"created_party"}
{"timestamp":"2026-07-02 18:23:28","invoice":26055513,"row":237,"excel_name":"Haji Yousaf And Sons","excel_ntn":"9999999","matched_party_id":1190,"matched_party_name":"Haji Yousaf And Sons","matched_party_ntn":"9999999","matched_company_id":10,"note":"created_party"}
{"timestamp":"2026-07-02 18:23:28","invoice":26055514,"row":240,"excel_name":"Sultangs","excel_ntn":"9999999","matched_party_id":1191,"matched_party_name":"Sultangs","matched_party_ntn":"9999999","matched_company_id":10,"note":"created_party"}
{"timestamp":"2026-07-02 18:23:28","invoice":26055515,"row":241,"excel_name":"MAJID K\/S","excel_ntn":"9999999","matched_party_id":1192,"matched_party_name":"MAJID K\/S","matched_party_ntn":"9999999","matched_company_id":10,"note":"created_party"}
{"timestamp":"2026-07-02 18:23:28","invoice":26055516,"row":242,"excel_name":"786","excel_ntn":"9999999","matched_party_id":1193,"matched_party_name":"786","matched_party_ntn":"9999999","matched_company_id":10,"note":"created_party"}
{"timestamp":"2026-07-02 18:23:28","invoice":26055517,"row":243,"excel_name":"Ibrahim gs","excel_ntn":"9999999","matched_party_id":1194,"matched_party_name":"Ibrahim gs","matched_party_ntn":"9999999","matched_company_id":10,"note":"created_party"}
{"timestamp":"2026-07-02 18:23:28","invoice":26055518,"row":244,"excel_name":"ShahidTukShop","excel_ntn":"9999999","matched_party_id":1195,"matched_party_name":"ShahidTukShop","matched_party_ntn":"9999999","matched_company_id":10,"note":"created_party"}
{"timestamp":"2026-07-02 18:23:28","invoice":26055520,"row":248,"excel_name":"Sajjad ks","excel_ntn":"9999999","matched_party_id":1196,"matched_party_name":"Sajjad ks","matched_party_ntn":"9999999","matched_company_id":10,"note":"created_party"}
{"timestamp":"2026-07-02 18:23:28","invoice":26055521,"row":249,"excel_name":"RafiqueMart","excel_ntn":"9999999","matched_party_id":1197,"matched_party_name":"RafiqueMart","matched_party_ntn":"9999999","matched_company_id":10,"note":"created_party"}
{"timestamp":"2026-07-02 18:23:28","invoice":26055522,"row":258,"excel_name":"DostMuhammadKs","excel_ntn":"9999999","matched_party_id":1198,"matched_party_name":"DostMuhammadKs","matched_party_ntn":"9999999","matched_company_id":10,"note":"created_party"}
{"timestamp":"2026-07-02 18:23:28","invoice":26055523,"row":269,"excel_name":"Matloob Ks","excel_ntn":"9999999","matched_party_id":1199,"matched_party_name":"Matloob Ks","matched_party_ntn":"9999999","matched_company_id":10,"note":"created_party"}
{"timestamp":"2026-07-02 18:23:28","invoice":26055524,"row":270,"excel_name":"Ahmed Keryana store","excel_ntn":"9999999","matched_party_id":1200,"matched_party_name":"Ahmed Keryana store","matched_party_ntn":"9999999","matched_company_id":10,"note":"created_party"}
{"timestamp":"2026-07-02 18:23:28","invoice":26055525,"row":271,"excel_name":"K.DFoods","excel_ntn":"9999999","matched_party_id":1201,"matched_party_name":"K.DFoods","matched_party_ntn":"9999999","matched_company_id":10,"note":"created_party"}
{"timestamp":"2026-07-02 18:23:28","invoice":26055526,"row":272,"excel_name":"Shiekh Hassan Keryana store","excel_ntn":"9999999","matched_party_id":1202,"matched_party_name":"Shiekh Hassan Keryana store","matched_party_ntn":"9999999","matched_company_id":10,"note":"created_party"}
{"timestamp":"2026-07-02 18:23:28","invoice":26055527,"row":273,"excel_name":"BismillahKS","excel_ntn":"9999999","matched_party_id":1203,"matched_party_name":"BismillahKS","matched_party_ntn":"9999999","matched_company_id":10,"note":"created_party"}
{"timestamp":"2026-07-02 18:23:28","invoice":26055528,"row":282,"excel_name":"Anas Ks","excel_ntn":"9999999","matched_party_id":1204,"matched_party_name":"Anas Ks","matched_party_ntn":"9999999","matched_company_id":10,"note":"created_party"}
{"timestamp":"2026-07-02 18:23:28","invoice":26055529,"row":283,"excel_name":"FrozenFuel","excel_ntn":"9999999","matched_party_id":1205,"matched_party_name":"FrozenFuel","matched_party_ntn":"9999999","matched_company_id":10,"note":"created_party"}
{"timestamp":"2026-07-02 18:23:28","invoice":26055530,"row":287,"excel_name":"AlJannatBakery","excel_ntn":"9999999","matched_party_id":1206,"matched_party_name":"AlJannatBakery","matched_party_ntn":"9999999","matched_company_id":10,"note":"created_party"}
{"timestamp":"2026-07-02 18:23:28","invoice":26055531,"row":305,"excel_name":"PolicewelfareKeryanastore","excel_ntn":"9999999","matched_party_id":1207,"matched_party_name":"PolicewelfareKeryanastore","matched_party_ntn":"9999999","matched_company_id":10,"note":"created_party"}
{"timestamp":"2026-07-02 18:23:28","invoice":26055532,"row":306,"excel_name":"Naqash pharmacy","excel_ntn":"9999999","matched_party_id":1208,"matched_party_name":"Naqash pharmacy","matched_party_ntn":"9999999","matched_company_id":10,"note":"created_party"}
{"timestamp":"2026-07-02 18:23:28","invoice":26055533,"row":308,"excel_name":"95 gs","excel_ntn":"9999999","matched_party_id":1209,"matched_party_name":"95 gs","matched_party_ntn":"9999999","matched_company_id":10,"note":"created_party"}
{"timestamp":"2026-07-02 18:23:28","invoice":26055534,"row":312,"excel_name":"Hammad Ks","excel_ntn":"9999999","matched_party_id":1210,"matched_party_name":"Hammad Ks","matched_party_ntn":"9999999","matched_company_id":10,"note":"created_party"}
{"timestamp":"2026-07-02 18:23:28","invoice":26055535,"row":313,"excel_name":"Khattak Keryana store","excel_ntn":"9999999","matched_party_id":1211,"matched_party_name":"Khattak Keryana store","matched_party_ntn":"9999999","matched_company_id":10,"note":"created_party"}
{"timestamp":"2026-07-02 18:23:28","invoice":26055536,"row":315,"excel_name":"Haji ArshadKeryana store","excel_ntn":"9999999","matched_party_id":1212,"matched_party_name":"Haji ArshadKeryana store","matched_party_ntn":"9999999","matched_company_id":10,"note":"created_party"}
{"timestamp":"2026-07-02 18:23:28","invoice":26055537,"row":319,"excel_name":"Musags","excel_ntn":"9999999","matched_party_id":1213,"matched_party_name":"Musags","matched_party_ntn":"9999999","matched_company_id":10,"note":"created_party"}
{"timestamp":"2026-07-02 18:23:28","invoice":26055564,"row":320,"excel_name":"RiazTraders","excel_ntn":"9999999","matched_party_id":1214,"matched_party_name":"RiazTraders","matched_party_ntn":"9999999","matched_company_id":10,"note":"created_party"}
{"timestamp":"2026-07-02 18:23:28","invoice":26055565,"row":324,"excel_name":"MUZAFFARTRADERS","excel_ntn":"9999999","matched_party_id":1215,"matched_party_name":"MUZAFFARTRADERS","matched_party_ntn":"9999999","matched_company_id":10,"note":"created_party"}
{"timestamp":"2026-07-02 18:23:28","invoice":26055566,"row":326,"excel_name":"Waseem Bakery","excel_ntn":"9999999","matched_party_id":1216,"matched_party_name":"Waseem Bakery","matched_party_ntn":"9999999","matched_company_id":10,"note":"created_party"}
{"timestamp":"2026-07-02 18:23:28","invoice":26055567,"row":330,"excel_name":"Shareen MehalBakery","excel_ntn":"9999999","matched_party_id":1217,"matched_party_name":"Shareen MehalBakery","matched_party_ntn":"9999999","matched_company_id":10,"note":"created_party"}
{"timestamp":"2026-07-02 18:23:29","invoice":26055568,"row":335,"excel_name":"RiazSweets&Wholesale","excel_ntn":"9999999","matched_party_id":1218,"matched_party_name":"RiazSweets&Wholesale","matched_party_ntn":"9999999","matched_company_id":10,"note":"created_party"}
{"timestamp":"2026-07-02 18:23:29","invoice":26055569,"row":339,"excel_name":"AtifWholesale","excel_ntn":"9999999","matched_party_id":1219,"matched_party_name":"AtifWholesale","matched_party_ntn":"9999999","matched_company_id":10,"note":"created_party"}
{"timestamp":"2026-07-02 18:23:29","invoice":26055570,"row":347,"excel_name":"AsadBakery","excel_ntn":"9999999","matched_party_id":1220,"matched_party_name":"AsadBakery","matched_party_ntn":"9999999","matched_company_id":10,"note":"created_party"}
{"timestamp":"2026-07-02 18:23:29","invoice":26055571,"row":354,"excel_name":"AbdulRahmanTRD","excel_ntn":"9999999","matched_party_id":1221,"matched_party_name":"AbdulRahmanTRD","matched_party_ntn":"9999999","matched_company_id":10,"note":"created_party"}
{"timestamp":"2026-07-02 18:23:29","invoice":26055572,"row":355,"excel_name":"Niaz&Sons","excel_ntn":"9999999","matched_party_id":1222,"matched_party_name":"Niaz&Sons","matched_party_ntn":"9999999","matched_company_id":10,"note":"created_party"}
{"timestamp":"2026-07-02 18:23:29","invoice":26055573,"row":356,"excel_name":"ShamiWholesale","excel_ntn":"9999999","matched_party_id":1223,"matched_party_name":"ShamiWholesale","matched_party_ntn":"9999999","matched_company_id":10,"note":"created_party"}
{"timestamp":"2026-07-02 18:38:04","invoice":26055411,"row":2,"excel_name":"Ali Kiryana Store","excel_ntn":"9999999","matched_party_id":1224,"matched_party_name":"Ali Kiryana Store","matched_party_ntn":"9999999","matched_company_id":10,"note":"created_unregistered_party"}
{"timestamp":"2026-07-02 18:38:04","invoice":26055412,"row":3,"excel_name":"WAQAR K\/S","excel_ntn":"9999999","matched_party_id":1225,"matched_party_name":"WAQAR K\/S","matched_party_ntn":"9999999","matched_company_id":10,"note":"created_unregistered_party"}
{"timestamp":"2026-07-02 18:38:04","invoice":26055413,"row":4,"excel_name":"FatimaPH","excel_ntn":"9999999","matched_party_id":1226,"matched_party_name":"FatimaPH","matched_party_ntn":"9999999","matched_company_id":10,"note":"created_unregistered_party"}
{"timestamp":"2026-07-02 18:38:04","invoice":26055414,"row":5,"excel_name":"AL REHMAN","excel_ntn":"9999999","matched_party_id":1227,"matched_party_name":"AL REHMAN","matched_party_ntn":"9999999","matched_company_id":10,"note":"created_unregistered_party"}
{"timestamp":"2026-07-02 18:38:04","invoice":26055415,"row":6,"excel_name":"Kamran gs","excel_ntn":"9999999","matched_party_id":1228,"matched_party_name":"Kamran gs","matched_party_ntn":"9999999","matched_company_id":10,"note":"created_unregistered_party"}
{"timestamp":"2026-07-02 18:38:04","invoice":26055416,"row":7,"excel_name":"HamzaGS2","excel_ntn":"9999999","matched_party_id":1229,"matched_party_name":"HamzaGS2","matched_party_ntn":"9999999","matched_company_id":10,"note":"created_unregistered_party"}
{"timestamp":"2026-07-02 18:38:04","invoice":26055417,"row":22,"excel_name":"CityPharmacy","excel_ntn":"9999999","matched_party_id":1230,"matched_party_name":"CityPharmacy","matched_party_ntn":"9999999","matched_company_id":10,"note":"created_unregistered_party"}
{"timestamp":"2026-07-02 18:38:04","invoice":26055419,"row":23,"excel_name":"Abid ks","excel_ntn":"9999999","matched_party_id":1231,"matched_party_name":"Abid ks","matched_party_ntn":"9999999","matched_company_id":10,"note":"created_unregistered_party"}
{"timestamp":"2026-07-02 18:38:04","invoice":26055420,"row":24,"excel_name":"TAHIRkaryana","excel_ntn":"9999999","matched_party_id":1232,"matched_party_name":"TAHIRkaryana","matched_party_ntn":"9999999","matched_company_id":10,"note":"created_unregistered_party"}
{"timestamp":"2026-07-02 18:38:04","invoice":26055421,"row":25,"excel_name":"SHEHZADkaryana","excel_ntn":"9999999","matched_party_id":1233,"matched_party_name":"SHEHZADkaryana","matched_party_ntn":"9999999","matched_company_id":10,"note":"created_unregistered_party"}
{"timestamp":"2026-07-02 18:38:04","invoice":26055422,"row":26,"excel_name":"SHAHGkaryana","excel_ntn":"9999999","matched_party_id":1234,"matched_party_name":"SHAHGkaryana","matched_party_ntn":"9999999","matched_company_id":10,"note":"created_unregistered_party"}
{"timestamp":"2026-07-02 18:38:04","invoice":26055423,"row":27,"excel_name":"DHQ Canteen","excel_ntn":"9999999","matched_party_id":1235,"matched_party_name":"DHQ Canteen","matched_party_ntn":"9999999","matched_company_id":10,"note":"created_unregistered_party"}
{"timestamp":"2026-07-02 18:38:04","invoice":26055424,"row":38,"excel_name":"ShahNawazKaryana","excel_ntn":"9999999","matched_party_id":1236,"matched_party_name":"ShahNawazKaryana","matched_party_ntn":"9999999","matched_company_id":10,"note":"created_unregistered_party"}
{"timestamp":"2026-07-02 18:38:04","invoice":26055425,"row":45,"excel_name":"SAMIGENERAL","excel_ntn":"9999999","matched_party_id":1237,"matched_party_name":"SAMIGENERAL","matched_party_ntn":"9999999","matched_company_id":10,"note":"created_unregistered_party"}
{"timestamp":"2026-07-02 18:38:04","invoice":26055426,"row":58,"excel_name":"M.Dkaryana","excel_ntn":"9999999","matched_party_id":1238,"matched_party_name":"M.Dkaryana","matched_party_ntn":"9999999","matched_company_id":10,"note":"created_unregistered_party"}
{"timestamp":"2026-07-02 18:38:04","invoice":26055427,"row":60,"excel_name":"KHATTAKkaryana","excel_ntn":"9999999","matched_party_id":1239,"matched_party_name":"KHATTAKkaryana","matched_party_ntn":"9999999","matched_company_id":10,"note":"created_unregistered_party"}
{"timestamp":"2026-07-02 18:38:04","invoice":26055428,"row":61,"excel_name":"JANNATGULLkaryana","excel_ntn":"9999999","matched_party_id":1240,"matched_party_name":"JANNATGULLkaryana","matched_party_ntn":"9999999","matched_company_id":10,"note":"created_unregistered_party"}
{"timestamp":"2026-07-02 18:38:04","invoice":26055429,"row":65,"excel_name":"HAFIZ K\/S","excel_ntn":"9999999","matched_party_id":1241,"matched_party_name":"HAFIZ K\/S","matched_party_ntn":"9999999","matched_company_id":10,"note":"created_unregistered_party"}
{"timestamp":"2026-07-02 18:38:04","invoice":26055430,"row":66,"excel_name":"ChachKaryana","excel_ntn":"9999999","matched_party_id":1242,"matched_party_name":"ChachKaryana","matched_party_ntn":"9999999","matched_company_id":10,"note":"created_unregistered_party"}
{"timestamp":"2026-07-02 18:38:04","invoice":26055431,"row":67,"excel_name":"BABARkaryana","excel_ntn":"9999999","matched_party_id":1243,"matched_party_name":"BABARkaryana","matched_party_ntn":"9999999","matched_company_id":10,"note":"created_unregistered_party"}
{"timestamp":"2026-07-02 18:38:04","invoice":26055432,"row":68,"excel_name":"AWANkaryana","excel_ntn":"9999999","matched_party_id":1244,"matched_party_name":"AWANkaryana","matched_party_ntn":"9999999","matched_company_id":10,"note":"created_unregistered_party"}
{"timestamp":"2026-07-02 18:38:04","invoice":26055433,"row":69,"excel_name":"AWANgeneral","excel_ntn":"9999999","matched_party_id":1245,"matched_party_name":"AWANgeneral","matched_party_ntn":"9999999","matched_company_id":10,"note":"created_unregistered_party"}
{"timestamp":"2026-07-02 18:38:04","invoice":26055434,"row":70,"excel_name":"AFZALTUK SHOP","excel_ntn":"9999999","matched_party_id":1246,"matched_party_name":"AFZALTUK SHOP","matched_party_ntn":"9999999","matched_company_id":10,"note":"created_unregistered_party"}
{"timestamp":"2026-07-02 18:38:04","invoice":26055435,"row":71,"excel_name":"ADEELkaryana","excel_ntn":"9999999","matched_party_id":1247,"matched_party_name":"ADEELkaryana","matched_party_ntn":"9999999","matched_company_id":10,"note":"created_unregistered_party"}
{"timestamp":"2026-07-02 18:38:04","invoice":26055436,"row":72,"excel_name":"ABIDkaryana","excel_ntn":"9999999","matched_party_id":1248,"matched_party_name":"ABIDkaryana","matched_party_ntn":"9999999","matched_company_id":10,"note":"created_unregistered_party"}
{"timestamp":"2026-07-02 18:38:04","invoice":26055437,"row":73,"excel_name":"Al Madina gs","excel_ntn":"9999999","matched_party_id":1249,"matched_party_name":"Al Madina gs","matched_party_ntn":"9999999","matched_company_id":10,"note":"created_unregistered_party"}
{"timestamp":"2026-07-02 18:38:04","invoice":26055438,"row":74,"excel_name":"786karyana","excel_ntn":"9999999","matched_party_id":1250,"matched_party_name":"786karyana","matched_party_ntn":"9999999","matched_company_id":10,"note":"created_unregistered_party"}
{"timestamp":"2026-07-02 18:38:04","invoice":26055439,"row":82,"excel_name":"BestChoice","excel_ntn":"9999999","matched_party_id":1251,"matched_party_name":"BestChoice","matched_party_ntn":"9999999","matched_company_id":10,"note":"created_unregistered_party"}
{"timestamp":"2026-07-02 18:38:04","invoice":26055440,"row":83,"excel_name":"Masood Wholesaler","excel_ntn":"9999999","matched_party_id":1252,"matched_party_name":"Masood Wholesaler","matched_party_ntn":"9999999","matched_company_id":10,"note":"created_unregistered_party"}
{"timestamp":"2026-07-02 18:38:04","invoice":26055441,"row":84,"excel_name":"MatheenMshop","excel_ntn":"9999999","matched_party_id":1253,"matched_party_name":"MatheenMshop","matched_party_ntn":"9999999","matched_company_id":10,"note":"created_unregistered_party"}
{"timestamp":"2026-07-02 18:38:04","invoice":26055442,"row":85,"excel_name":"NASEEM","excel_ntn":"9999999","matched_party_id":1254,"matched_party_name":"NASEEM","matched_party_ntn":"9999999","matched_company_id":10,"note":"created_unregistered_party"}
{"timestamp":"2026-07-02 18:38:04","invoice":26055443,"row":86,"excel_name":"ASHIQ","excel_ntn":"9999999","matched_party_id":1255,"matched_party_name":"ASHIQ","matched_party_ntn":"9999999","matched_company_id":10,"note":"created_unregistered_party"}
{"timestamp":"2026-07-02 18:38:04","invoice":26055444,"row":87,"excel_name":"UMAIR K\/S","excel_ntn":"9999999","matched_party_id":1256,"matched_party_name":"UMAIR K\/S","matched_party_ntn":"9999999","matched_company_id":10,"note":"created_unregistered_party"}
{"timestamp":"2026-07-02 18:38:04","invoice":26055445,"row":88,"excel_name":"ILLAHI K\/S","excel_ntn":"9999999","matched_party_id":1257,"matched_party_name":"ILLAHI K\/S","matched_party_ntn":"9999999","matched_company_id":10,"note":"created_unregistered_party"}
{"timestamp":"2026-07-02 18:38:04","invoice":26055446,"row":89,"excel_name":"AWAIS K\/S","excel_ntn":"9999999","matched_party_id":1258,"matched_party_name":"AWAIS K\/S","matched_party_ntn":"9999999","matched_company_id":10,"note":"created_unregistered_party"}
{"timestamp":"2026-07-02 18:38:04","invoice":26055447,"row":90,"excel_name":"Shoiabwhole sale","excel_ntn":"9999999","matched_party_id":1259,"matched_party_name":"Shoiabwhole sale","matched_party_ntn":"9999999","matched_company_id":10,"note":"created_unregistered_party"}
{"timestamp":"2026-07-02 18:38:04","invoice":26055448,"row":93,"excel_name":"Shani  Keryana store","excel_ntn":"9999999","matched_party_id":1260,"matched_party_name":"Shani  Keryana store","matched_party_ntn":"9999999","matched_company_id":10,"note":"created_unregistered_party"}
{"timestamp":"2026-07-02 18:38:04","invoice":26055449,"row":94,"excel_name":"Shaker derawhole sale","excel_ntn":"9999999","matched_party_id":1261,"matched_party_name":"Shaker derawhole sale","matched_party_ntn":"9999999","matched_company_id":10,"note":"created_unregistered_party"}
{"timestamp":"2026-07-02 18:38:05","invoice":26055450,"row":99,"excel_name":"USMAN gs","excel_ntn":"9999999","matched_party_id":1262,"matched_party_name":"USMAN gs","matched_party_ntn":"9999999","matched_company_id":10,"note":"created_unregistered_party"}
{"timestamp":"2026-07-02 18:38:05","invoice":26055451,"row":100,"excel_name":"Sajawal ks","excel_ntn":"9999999","matched_party_id":1263,"matched_party_name":"Sajawal ks","matched_party_ntn":"9999999","matched_company_id":10,"note":"created_unregistered_party"}
{"timestamp":"2026-07-02 18:38:05","invoice":26055452,"row":103,"excel_name":"Sajawal ks","excel_ntn":"9999999","matched_party_id":1263,"matched_party_name":"Sajawal ks","matched_party_ntn":"9999999","matched_company_id":10,"note":"used_existing_unregistered_party"}
{"timestamp":"2026-07-02 18:38:05","invoice":26055453,"row":104,"excel_name":"Pervaiz Keryana store","excel_ntn":"9999999","matched_party_id":1264,"matched_party_name":"Pervaiz Keryana store","matched_party_ntn":"9999999","matched_company_id":10,"note":"created_unregistered_party"}
{"timestamp":"2026-07-02 18:38:05","invoice":26055454,"row":105,"excel_name":"PakeezaKeryana store","excel_ntn":"9999999","matched_party_id":1265,"matched_party_name":"PakeezaKeryana store","matched_party_ntn":"9999999","matched_company_id":10,"note":"created_unregistered_party"}
{"timestamp":"2026-07-02 18:38:05","invoice":26055455,"row":109,"excel_name":"UbaidGeneralStore","excel_ntn":"9999999","matched_party_id":1266,"matched_party_name":"UbaidGeneralStore","matched_party_ntn":"9999999","matched_company_id":10,"note":"created_unregistered_party"}
{"timestamp":"2026-07-02 18:38:05","invoice":26055456,"row":124,"excel_name":"MufeedKeryana store","excel_ntn":"9999999","matched_party_id":1267,"matched_party_name":"MufeedKeryana store","matched_party_ntn":"9999999","matched_company_id":10,"note":"created_unregistered_party"}
{"timestamp":"2026-07-02 18:38:05","invoice":26055457,"row":125,"excel_name":"MalyarKeryana store","excel_ntn":"9999999","matched_party_id":1268,"matched_party_name":"MalyarKeryana store","matched_party_ntn":"9999999","matched_company_id":10,"note":"created_unregistered_party"}
{"timestamp":"2026-07-02 18:38:05","invoice":26055458,"row":127,"excel_name":"M.S gs","excel_ntn":"9999999","matched_party_id":1269,"matched_party_name":"M.S gs","matched_party_ntn":"9999999","matched_company_id":10,"note":"created_unregistered_party"}
{"timestamp":"2026-07-02 18:38:05","invoice":26055459,"row":128,"excel_name":"KashanKeryana store","excel_ntn":"9999999","matched_party_id":1270,"matched_party_name":"KashanKeryana store","matched_party_ntn":"9999999","matched_company_id":10,"note":"created_unregistered_party"}
{"timestamp":"2026-07-02 18:38:05","invoice":26055460,"row":129,"excel_name":"JavedKeryana store","excel_ntn":"9999999","matched_party_id":1271,"matched_party_name":"JavedKeryana store","matched_party_ntn":"9999999","matched_company_id":10,"note":"created_unregistered_party"}
{"timestamp":"2026-07-02 18:38:05","invoice":26055461,"row":130,"excel_name":"IrshadKeryana store","excel_ntn":"9999999","matched_party_id":1272,"matched_party_name":"IrshadKeryana store","matched_party_ntn":"9999999","matched_company_id":10,"note":"created_unregistered_party"}
{"timestamp":"2026-07-02 18:38:05","invoice":26055462,"row":131,"excel_name":"InsafKeryana store","excel_ntn":"9999999","matched_party_id":1273,"matched_party_name":"InsafKeryana store","matched_party_ntn":"9999999","matched_company_id":10,"note":"created_unregistered_party"}
{"timestamp":"2026-07-02 18:38:05","invoice":26055463,"row":133,"excel_name":"ImranKeryana store","excel_ntn":"9999999","matched_party_id":1274,"matched_party_name":"ImranKeryana store","matched_party_ntn":"9999999","matched_company_id":10,"note":"created_unregistered_party"}
{"timestamp":"2026-07-02 18:38:05","invoice":26055464,"row":134,"excel_name":"HussainKeryana store","excel_ntn":"9999999","matched_party_id":1275,"matched_party_name":"HussainKeryana store","matched_party_ntn":"9999999","matched_company_id":10,"note":"created_unregistered_party"}
{"timestamp":"2026-07-02 18:38:05","invoice":26055465,"row":135,"excel_name":"Hamza Keryana store","excel_ntn":"9999999","matched_party_id":1276,"matched_party_name":"Hamza Keryana store","matched_party_ntn":"9999999","matched_company_id":10,"note":"created_unregistered_party"}
{"timestamp":"2026-07-02 18:38:05","invoice":26055466,"row":136,"excel_name":"Haji rab NawazKeryana store","excel_ntn":"9999999","matched_party_id":1277,"matched_party_name":"Haji rab NawazKeryana store","matched_party_ntn":"9999999","matched_company_id":10,"note":"created_unregistered_party"}
{"timestamp":"2026-07-02 18:38:05","invoice":26055467,"row":137,"excel_name":"Hassnain Ks","excel_ntn":"9999999","matched_party_id":1278,"matched_party_name":"Hassnain Ks","matched_party_ntn":"9999999","matched_company_id":10,"note":"created_unregistered_party"}
{"timestamp":"2026-07-02 18:38:05","invoice":26055468,"row":138,"excel_name":"Ghulam rasul Keryana store","excel_ntn":"9999999","matched_party_id":1279,"matched_party_name":"Ghulam rasul Keryana store","matched_party_ntn":"9999999","matched_company_id":10,"note":"created_unregistered_party"}
{"timestamp":"2026-07-02 18:38:05","invoice":26055469,"row":148,"excel_name":"ChoudryKeryana store","excel_ntn":"9999999","matched_party_id":1280,"matched_party_name":"ChoudryKeryana store","matched_party_ntn":"9999999","matched_company_id":10,"note":"created_unregistered_party"}
{"timestamp":"2026-07-02 18:38:05","invoice":26055470,"row":149,"excel_name":"BillalKeryana store","excel_ntn":"9999999","matched_party_id":1281,"matched_party_name":"BillalKeryana store","matched_party_ntn":"9999999","matched_company_id":10,"note":"created_unregistered_party"}
{"timestamp":"2026-07-02 18:38:05","invoice":26055471,"row":150,"excel_name":"AttiqueKeryana store","excel_ntn":"9999999","matched_party_id":1282,"matched_party_name":"AttiqueKeryana store","matched_party_ntn":"9999999","matched_company_id":10,"note":"created_unregistered_party"}
{"timestamp":"2026-07-02 18:38:05","invoice":26055472,"row":151,"excel_name":"Danish Bakers","excel_ntn":"9999999","matched_party_id":1283,"matched_party_name":"Danish Bakers","matched_party_ntn":"9999999","matched_company_id":10,"note":"created_unregistered_party"}
{"timestamp":"2026-07-02 18:38:05","invoice":26055473,"row":155,"excel_name":"Raheem ks","excel_ntn":"9999999","matched_party_id":1284,"matched_party_name":"Raheem ks","matched_party_ntn":"9999999","matched_company_id":10,"note":"created_unregistered_party"}
{"timestamp":"2026-07-02 18:38:05","invoice":26055474,"row":156,"excel_name":"Naseem gs","excel_ntn":"9999999","matched_party_id":1285,"matched_party_name":"Naseem gs","matched_party_ntn":"9999999","matched_company_id":10,"note":"created_unregistered_party"}
{"timestamp":"2026-07-02 18:38:05","invoice":26055475,"row":158,"excel_name":"Bashir gs","excel_ntn":"9999999","matched_party_id":1286,"matched_party_name":"Bashir gs","matched_party_ntn":"9999999","matched_company_id":10,"note":"created_unregistered_party"}
{"timestamp":"2026-07-02 18:38:05","invoice":26055476,"row":162,"excel_name":"Zahoor Kiryana Store","excel_ntn":"9999999","matched_party_id":1287,"matched_party_name":"Zahoor Kiryana Store","matched_party_ntn":"9999999","matched_company_id":10,"note":"created_unregistered_party"}
{"timestamp":"2026-07-02 18:38:05","invoice":26055477,"row":163,"excel_name":"Haider gs","excel_ntn":"9999999","matched_party_id":1288,"matched_party_name":"Haider gs","matched_party_ntn":"9999999","matched_company_id":10,"note":"created_unregistered_party"}
{"timestamp":"2026-07-02 18:38:05","invoice":26055478,"row":164,"excel_name":"BismillahC&C","excel_ntn":"9999999","matched_party_id":1289,"matched_party_name":"BismillahC&C","matched_party_ntn":"9999999","matched_company_id":10,"note":"created_unregistered_party"}
{"timestamp":"2026-07-02 18:38:05","invoice":26055479,"row":171,"excel_name":"BismillahC&C","excel_ntn":"9999999","matched_party_id":1289,"matched_party_name":"BismillahC&C","matched_party_ntn":"9999999","matched_company_id":10,"note":"used_existing_unregistered_party"}
{"timestamp":"2026-07-02 18:38:05","invoice":26055480,"row":172,"excel_name":"Shah Jee General Store","excel_ntn":"9999999","matched_party_id":1290,"matched_party_name":"Shah Jee General Store","matched_party_ntn":"9999999","matched_company_id":10,"note":"created_unregistered_party"}
{"timestamp":"2026-07-02 18:38:05","invoice":26055481,"row":173,"excel_name":"Farman gs","excel_ntn":"9999999","matched_party_id":1291,"matched_party_name":"Farman gs","matched_party_ntn":"9999999","matched_company_id":10,"note":"created_unregistered_party"}
{"timestamp":"2026-07-02 18:38:05","invoice":26055482,"row":174,"excel_name":"Darya KS","excel_ntn":"9999999","matched_party_id":1292,"matched_party_name":"Darya KS","matched_party_ntn":"9999999","matched_company_id":10,"note":"created_unregistered_party"}
{"timestamp":"2026-07-02 18:38:05","invoice":26055483,"row":175,"excel_name":"Sheikh Usman","excel_ntn":"9999999","matched_party_id":1293,"matched_party_name":"Sheikh Usman","matched_party_ntn":"9999999","matched_company_id":10,"note":"created_unregistered_party"}
{"timestamp":"2026-07-02 18:38:05","invoice":26055484,"row":176,"excel_name":"PapuKaryanaStore","excel_ntn":"9999999","matched_party_id":1294,"matched_party_name":"PapuKaryanaStore","matched_party_ntn":"9999999","matched_company_id":10,"note":"created_unregistered_party"}
{"timestamp":"2026-07-02 18:38:05","invoice":26055485,"row":177,"excel_name":"Mola BakshGeneral Store","excel_ntn":"9999999","matched_party_id":1295,"matched_party_name":"Mola BakshGeneral Store","matched_party_ntn":"9999999","matched_company_id":10,"note":"created_unregistered_party"}
{"timestamp":"2026-07-02 18:38:05","invoice":26055486,"row":178,"excel_name":"Madina Karyana Store","excel_ntn":"9999999","matched_party_id":1296,"matched_party_name":"Madina Karyana Store","matched_party_ntn":"9999999","matched_company_id":10,"note":"created_unregistered_party"}
{"timestamp":"2026-07-02 18:38:05","invoice":26055487,"row":179,"excel_name":"Madina General Store","excel_ntn":"9999999","matched_party_id":1297,"matched_party_name":"Madina General Store","matched_party_ntn":"9999999","matched_company_id":10,"note":"created_unregistered_party"}
{"timestamp":"2026-07-02 18:38:05","invoice":26055488,"row":180,"excel_name":"HamidCMH","excel_ntn":"9999999","matched_party_id":1298,"matched_party_name":"HamidCMH","matched_party_ntn":"9999999","matched_company_id":10,"note":"created_unregistered_party"}
{"timestamp":"2026-07-02 18:38:05","invoice":26055489,"row":181,"excel_name":"M.S Karyana Store","excel_ntn":"9999999","matched_party_id":1299,"matched_party_name":"M.S Karyana Store","matched_party_ntn":"9999999","matched_company_id":10,"note":"created_unregistered_party"}
{"timestamp":"2026-07-02 18:38:05","invoice":26055490,"row":182,"excel_name":"Habib G\/S","excel_ntn":"9999999","matched_party_id":1300,"matched_party_name":"Habib G\/S","matched_party_ntn":"9999999","matched_company_id":10,"note":"created_unregistered_party"}
{"timestamp":"2026-07-02 18:38:05","invoice":26055491,"row":183,"excel_name":"SajidCnadyLand","excel_ntn":"9999999","matched_party_id":1301,"matched_party_name":"SajidCnadyLand","matched_party_ntn":"9999999","matched_company_id":10,"note":"created_unregistered_party"}
{"timestamp":"2026-07-02 18:38:05","invoice":26055492,"row":197,"excel_name":"SajidCnadyLand","excel_ntn":"9999999","matched_party_id":1301,"matched_party_name":"SajidCnadyLand","matched_party_ntn":"9999999","matched_company_id":10,"note":"used_existing_unregistered_party"}
{"timestamp":"2026-07-02 18:38:05","invoice":26055493,"row":198,"excel_name":"M.Usman","excel_ntn":"9999999","matched_party_id":1302,"matched_party_name":"M.Usman","matched_party_ntn":"9999999","matched_company_id":10,"note":"created_unregistered_party"}
{"timestamp":"2026-07-02 18:38:05","invoice":26055494,"row":199,"excel_name":"Jamil Karyana Store","excel_ntn":"9999999","matched_party_id":1303,"matched_party_name":"Jamil Karyana Store","matched_party_ntn":"9999999","matched_company_id":10,"note":"created_unregistered_party"}
{"timestamp":"2026-07-02 18:38:05","invoice":26055495,"row":200,"excel_name":"Jamil Karyana Store","excel_ntn":"9999999","matched_party_id":1303,"matched_party_name":"Jamil Karyana Store","matched_party_ntn":"9999999","matched_company_id":10,"note":"used_existing_unregistered_party"}
{"timestamp":"2026-07-02 18:38:05","invoice":26055496,"row":201,"excel_name":"Manzoor Elahi  gs","excel_ntn":"9999999","matched_party_id":1304,"matched_party_name":"Manzoor Elahi  gs","matched_party_ntn":"9999999","matched_company_id":10,"note":"created_unregistered_party"}
{"timestamp":"2026-07-02 18:38:05","invoice":26055497,"row":202,"excel_name":"Abdul Jalil ks","excel_ntn":"9999999","matched_party_id":1305,"matched_party_name":"Abdul Jalil ks","matched_party_ntn":"9999999","matched_company_id":10,"note":"created_unregistered_party"}
{"timestamp":"2026-07-02 18:38:05","invoice":26055498,"row":203,"excel_name":"AzeezWholesale","excel_ntn":"9999999","matched_party_id":1306,"matched_party_name":"AzeezWholesale","matched_party_ntn":"9999999","matched_company_id":10,"note":"created_unregistered_party"}
{"timestamp":"2026-07-02 18:38:05","invoice":26055499,"row":204,"excel_name":"Chanar Shah Karyana Store","excel_ntn":"9999999","matched_party_id":1307,"matched_party_name":"Chanar Shah Karyana Store","matched_party_ntn":"9999999","matched_company_id":10,"note":"created_unregistered_party"}
{"timestamp":"2026-07-02 18:38:05","invoice":26055500,"row":205,"excel_name":"AirUniversityMurtaza","excel_ntn":"9999999","matched_party_id":1308,"matched_party_name":"AirUniversityMurtaza","matched_party_ntn":"9999999","matched_company_id":10,"note":"created_unregistered_party"}
{"timestamp":"2026-07-02 18:38:05","invoice":26055501,"row":206,"excel_name":"Faraz","excel_ntn":"9999999","matched_party_id":1309,"matched_party_name":"Faraz","matched_party_ntn":"9999999","matched_company_id":10,"note":"created_unregistered_party"}
{"timestamp":"2026-07-02 18:38:05","invoice":26055502,"row":207,"excel_name":"Faraz","excel_ntn":"9999999","matched_party_id":1309,"matched_party_name":"Faraz","matched_party_ntn":"9999999","matched_company_id":10,"note":"used_existing_unregistered_party"}
{"timestamp":"2026-07-02 18:38:05","invoice":26055504,"row":210,"excel_name":"Ali zeyarat Karyana Store","excel_ntn":"9999999","matched_party_id":1310,"matched_party_name":"Ali zeyarat Karyana Store","matched_party_ntn":"9999999","matched_company_id":10,"note":"created_unregistered_party"}
{"timestamp":"2026-07-02 18:38:05","invoice":26055505,"row":211,"excel_name":"Aihtesam Karyana Store","excel_ntn":"9999999","matched_party_id":1311,"matched_party_name":"Aihtesam Karyana Store","matched_party_ntn":"9999999","matched_company_id":10,"note":"created_unregistered_party"}
{"timestamp":"2026-07-02 18:38:05","invoice":26055506,"row":212,"excel_name":"Imran Wholesale","excel_ntn":"9999999","matched_party_id":1312,"matched_party_name":"Imran Wholesale","matched_party_ntn":"9999999","matched_company_id":10,"note":"created_unregistered_party"}
{"timestamp":"2026-07-02 18:38:05","invoice":26055507,"row":213,"excel_name":"786karyana","excel_ntn":"9999999","matched_party_id":1250,"matched_party_name":"786karyana","matched_party_ntn":"9999999","matched_company_id":10,"note":"used_existing_unregistered_party"}
{"timestamp":"2026-07-02 18:38:05","invoice":26055508,"row":219,"excel_name":"E&RTraders","excel_ntn":"9999999","matched_party_id":1313,"matched_party_name":"E&RTraders","matched_party_ntn":"9999999","matched_company_id":10,"note":"created_unregistered_party"}
{"timestamp":"2026-07-02 18:38:05","invoice":26055509,"row":221,"excel_name":"786 Milk Shop","excel_ntn":"9999999","matched_party_id":1314,"matched_party_name":"786 Milk Shop","matched_party_ntn":"9999999","matched_company_id":10,"note":"created_unregistered_party"}
{"timestamp":"2026-07-02 18:38:05","invoice":26055510,"row":223,"excel_name":"Artillery  Centre","excel_ntn":"9999999","matched_party_id":1315,"matched_party_name":"Artillery  Centre","matched_party_ntn":"9999999","matched_company_id":10,"note":"created_unregistered_party"}
{"timestamp":"2026-07-02 18:38:05","invoice":26055511,"row":232,"excel_name":"MA Printing","excel_ntn":"9999999","matched_party_id":1316,"matched_party_name":"MA Printing","matched_party_ntn":"9999999","matched_company_id":10,"note":"created_unregistered_party"}
{"timestamp":"2026-07-02 18:38:05","invoice":26055512,"row":234,"excel_name":"Gujjar Daries","excel_ntn":"9999999","matched_party_id":1317,"matched_party_name":"Gujjar Daries","matched_party_ntn":"9999999","matched_company_id":10,"note":"created_unregistered_party"}
{"timestamp":"2026-07-02 18:38:05","invoice":26055513,"row":237,"excel_name":"Haji Yousaf And Sons","excel_ntn":"9999999","matched_party_id":1318,"matched_party_name":"Haji Yousaf And Sons","matched_party_ntn":"9999999","matched_company_id":10,"note":"created_unregistered_party"}
{"timestamp":"2026-07-02 18:38:05","invoice":26055514,"row":240,"excel_name":"Sultangs","excel_ntn":"9999999","matched_party_id":1319,"matched_party_name":"Sultangs","matched_party_ntn":"9999999","matched_company_id":10,"note":"created_unregistered_party"}
{"timestamp":"2026-07-02 18:38:05","invoice":26055515,"row":241,"excel_name":"MAJID K\/S","excel_ntn":"9999999","matched_party_id":1320,"matched_party_name":"MAJID K\/S","matched_party_ntn":"9999999","matched_company_id":10,"note":"created_unregistered_party"}
{"timestamp":"2026-07-02 18:38:05","invoice":26055516,"row":242,"excel_name":"786","excel_ntn":"9999999","matched_party_id":1321,"matched_party_name":"786","matched_party_ntn":"9999999","matched_company_id":10,"note":"created_unregistered_party"}
{"timestamp":"2026-07-02 18:38:06","invoice":26055517,"row":243,"excel_name":"Ibrahim gs","excel_ntn":"9999999","matched_party_id":1322,"matched_party_name":"Ibrahim gs","matched_party_ntn":"9999999","matched_company_id":10,"note":"created_unregistered_party"}
{"timestamp":"2026-07-02 18:38:06","invoice":26055518,"row":244,"excel_name":"ShahidTukShop","excel_ntn":"9999999","matched_party_id":1323,"matched_party_name":"ShahidTukShop","matched_party_ntn":"9999999","matched_company_id":10,"note":"created_unregistered_party"}
{"timestamp":"2026-07-02 18:38:06","invoice":26055520,"row":248,"excel_name":"Sajjad ks","excel_ntn":"9999999","matched_party_id":1324,"matched_party_name":"Sajjad ks","matched_party_ntn":"9999999","matched_company_id":10,"note":"created_unregistered_party"}
{"timestamp":"2026-07-02 18:38:06","invoice":26055521,"row":249,"excel_name":"RafiqueMart","excel_ntn":"9999999","matched_party_id":1325,"matched_party_name":"RafiqueMart","matched_party_ntn":"9999999","matched_company_id":10,"note":"created_unregistered_party"}
{"timestamp":"2026-07-02 18:38:06","invoice":26055522,"row":258,"excel_name":"DostMuhammadKs","excel_ntn":"9999999","matched_party_id":1326,"matched_party_name":"DostMuhammadKs","matched_party_ntn":"9999999","matched_company_id":10,"note":"created_unregistered_party"}
{"timestamp":"2026-07-02 18:38:06","invoice":26055523,"row":269,"excel_name":"Matloob Ks","excel_ntn":"9999999","matched_party_id":1327,"matched_party_name":"Matloob Ks","matched_party_ntn":"9999999","matched_company_id":10,"note":"created_unregistered_party"}
{"timestamp":"2026-07-02 18:38:06","invoice":26055524,"row":270,"excel_name":"Ahmed Keryana store","excel_ntn":"9999999","matched_party_id":1328,"matched_party_name":"Ahmed Keryana store","matched_party_ntn":"9999999","matched_company_id":10,"note":"created_unregistered_party"}
{"timestamp":"2026-07-02 18:38:06","invoice":26055525,"row":271,"excel_name":"K.DFoods","excel_ntn":"9999999","matched_party_id":1329,"matched_party_name":"K.DFoods","matched_party_ntn":"9999999","matched_company_id":10,"note":"created_unregistered_party"}
{"timestamp":"2026-07-02 18:38:06","invoice":26055526,"row":272,"excel_name":"Shiekh Hassan Keryana store","excel_ntn":"9999999","matched_party_id":1330,"matched_party_name":"Shiekh Hassan Keryana store","matched_party_ntn":"9999999","matched_company_id":10,"note":"created_unregistered_party"}
{"timestamp":"2026-07-02 18:38:06","invoice":26055527,"row":273,"excel_name":"BismillahKS","excel_ntn":"9999999","matched_party_id":1331,"matched_party_name":"BismillahKS","matched_party_ntn":"9999999","matched_company_id":10,"note":"created_unregistered_party"}
{"timestamp":"2026-07-02 18:38:06","invoice":26055528,"row":282,"excel_name":"Anas Ks","excel_ntn":"9999999","matched_party_id":1332,"matched_party_name":"Anas Ks","matched_party_ntn":"9999999","matched_company_id":10,"note":"created_unregistered_party"}
{"timestamp":"2026-07-02 18:38:06","invoice":26055529,"row":283,"excel_name":"FrozenFuel","excel_ntn":"9999999","matched_party_id":1333,"matched_party_name":"FrozenFuel","matched_party_ntn":"9999999","matched_company_id":10,"note":"created_unregistered_party"}
{"timestamp":"2026-07-02 18:38:06","invoice":26055530,"row":287,"excel_name":"AlJannatBakery","excel_ntn":"9999999","matched_party_id":1334,"matched_party_name":"AlJannatBakery","matched_party_ntn":"9999999","matched_company_id":10,"note":"created_unregistered_party"}
{"timestamp":"2026-07-02 18:38:06","invoice":26055531,"row":305,"excel_name":"PolicewelfareKeryanastore","excel_ntn":"9999999","matched_party_id":1335,"matched_party_name":"PolicewelfareKeryanastore","matched_party_ntn":"9999999","matched_company_id":10,"note":"created_unregistered_party"}
{"timestamp":"2026-07-02 18:38:06","invoice":26055532,"row":306,"excel_name":"Naqash pharmacy","excel_ntn":"9999999","matched_party_id":1336,"matched_party_name":"Naqash pharmacy","matched_party_ntn":"9999999","matched_company_id":10,"note":"created_unregistered_party"}
{"timestamp":"2026-07-02 18:38:06","invoice":26055533,"row":308,"excel_name":"95 gs","excel_ntn":"9999999","matched_party_id":1337,"matched_party_name":"95 gs","matched_party_ntn":"9999999","matched_company_id":10,"note":"created_unregistered_party"}
{"timestamp":"2026-07-02 18:38:06","invoice":26055534,"row":312,"excel_name":"Hammad Ks","excel_ntn":"9999999","matched_party_id":1338,"matched_party_name":"Hammad Ks","matched_party_ntn":"9999999","matched_company_id":10,"note":"created_unregistered_party"}
{"timestamp":"2026-07-02 18:38:06","invoice":26055535,"row":313,"excel_name":"Khattak Keryana store","excel_ntn":"9999999","matched_party_id":1339,"matched_party_name":"Khattak Keryana store","matched_party_ntn":"9999999","matched_company_id":10,"note":"created_unregistered_party"}
{"timestamp":"2026-07-02 18:38:06","invoice":26055536,"row":315,"excel_name":"Haji ArshadKeryana store","excel_ntn":"9999999","matched_party_id":1340,"matched_party_name":"Haji ArshadKeryana store","matched_party_ntn":"9999999","matched_company_id":10,"note":"created_unregistered_party"}
{"timestamp":"2026-07-02 18:38:06","invoice":26055537,"row":319,"excel_name":"Musags","excel_ntn":"9999999","matched_party_id":1341,"matched_party_name":"Musags","matched_party_ntn":"9999999","matched_company_id":10,"note":"created_unregistered_party"}
{"timestamp":"2026-07-02 18:38:06","invoice":26055564,"row":320,"excel_name":"RiazTraders","excel_ntn":"9999999","matched_party_id":1342,"matched_party_name":"RiazTraders","matched_party_ntn":"9999999","matched_company_id":10,"note":"created_unregistered_party"}
{"timestamp":"2026-07-02 18:38:06","invoice":26055565,"row":324,"excel_name":"MUZAFFARTRADERS","excel_ntn":"9999999","matched_party_id":1343,"matched_party_name":"MUZAFFARTRADERS","matched_party_ntn":"9999999","matched_company_id":10,"note":"created_unregistered_party"}
{"timestamp":"2026-07-02 18:38:06","invoice":26055566,"row":326,"excel_name":"Waseem Bakery","excel_ntn":"9999999","matched_party_id":1344,"matched_party_name":"Waseem Bakery","matched_party_ntn":"9999999","matched_company_id":10,"note":"created_unregistered_party"}
{"timestamp":"2026-07-02 18:38:06","invoice":26055567,"row":330,"excel_name":"Shareen MehalBakery","excel_ntn":"9999999","matched_party_id":1345,"matched_party_name":"Shareen MehalBakery","matched_party_ntn":"9999999","matched_company_id":10,"note":"created_unregistered_party"}
{"timestamp":"2026-07-02 18:38:06","invoice":26055568,"row":335,"excel_name":"RiazSweets&Wholesale","excel_ntn":"9999999","matched_party_id":1346,"matched_party_name":"RiazSweets&Wholesale","matched_party_ntn":"9999999","matched_company_id":10,"note":"created_unregistered_party"}
{"timestamp":"2026-07-02 18:38:06","invoice":26055569,"row":339,"excel_name":"AtifWholesale","excel_ntn":"9999999","matched_party_id":1347,"matched_party_name":"AtifWholesale","matched_party_ntn":"9999999","matched_company_id":10,"note":"created_unregistered_party"}
{"timestamp":"2026-07-02 18:38:06","invoice":26055570,"row":347,"excel_name":"AsadBakery","excel_ntn":"9999999","matched_party_id":1348,"matched_party_name":"AsadBakery","matched_party_ntn":"9999999","matched_company_id":10,"note":"created_unregistered_party"}
{"timestamp":"2026-07-02 18:38:06","invoice":26055571,"row":354,"excel_name":"AbdulRahmanTRD","excel_ntn":"9999999","matched_party_id":1349,"matched_party_name":"AbdulRahmanTRD","matched_party_ntn":"9999999","matched_company_id":10,"note":"created_unregistered_party"}
{"timestamp":"2026-07-02 18:38:06","invoice":26055572,"row":355,"excel_name":"Niaz&Sons","excel_ntn":"9999999","matched_party_id":1350,"matched_party_name":"Niaz&Sons","matched_party_ntn":"9999999","matched_company_id":10,"note":"created_unregistered_party"}
{"timestamp":"2026-07-02 18:38:06","invoice":26055573,"row":356,"excel_name":"ShamiWholesale","excel_ntn":"9999999","matched_party_id":1351,"matched_party_name":"ShamiWholesale","matched_party_ntn":"9999999","matched_company_id":10,"note":"created_unregistered_party"}
{"timestamp":"2026-07-09 13:58:28","invoice":"1001","row":2,"excel_name":"WALKING","excel_ntn":"9999999","matched_party_id":1352,"matched_party_name":"WALKING","matched_party_ntn":"9999999","matched_company_id":10,"note":"created_party"}
{"timestamp":"2026-07-09 13:58:28","invoice":"2002","row":3,"excel_name":"WALKING","excel_ntn":"9999999","matched_party_id":1352,"matched_party_name":"WALKING","matched_party_ntn":"9999999","matched_company_id":10,"note":"used_existing_party_by_name"}
{"timestamp":"2026-07-09 13:58:28","invoice":"3003","row":4,"excel_name":"WALKING","excel_ntn":"9999999","matched_party_id":1352,"matched_party_name":"WALKING","matched_party_ntn":"9999999","matched_company_id":10,"note":"used_existing_party_by_name"}
{"timestamp":"2026-07-09 13:58:28","invoice":"4004","row":5,"excel_name":"WALKING","excel_ntn":"9999999","matched_party_id":1352,"matched_party_name":"WALKING","matched_party_ntn":"9999999","matched_company_id":10,"note":"used_existing_party_by_name"}
{"timestamp":"2026-07-09 13:58:28","invoice":"1228","row":2,"excel_name":"Z-Tiger Clothing","excel_ntn":"4118285","matched_party_id":1353,"matched_party_name":"Z-Tiger Clothing","matched_party_ntn":"4118285","matched_company_id":10,"note":"created_party"}
{"timestamp":"2026-07-09 13:58:28","invoice":"1229","row":3,"excel_name":"Z-Tiger Clothing","excel_ntn":"4118285","matched_party_id":1353,"matched_party_name":"Z-Tiger Clothing","matched_party_ntn":"4118285","matched_company_id":10,"note":"used_existing_party_by_name"}
{"timestamp":"2026-07-09 13:58:28","invoice":"1230","row":7,"excel_name":"Z-Tiger Clothing","excel_ntn":"4118285","matched_party_id":1353,"matched_party_name":"Z-Tiger Clothing","matched_party_ntn":"4118285","matched_company_id":10,"note":"used_existing_party_by_name"}
{"timestamp":"2026-07-09 13:58:28","invoice":"1231","row":8,"excel_name":"Z-Tiger Clothing","excel_ntn":"4118285","matched_party_id":1353,"matched_party_name":"Z-Tiger Clothing","matched_party_ntn":"4118285","matched_company_id":10,"note":"used_existing_party_by_name"}
{"timestamp":"2026-07-09 13:58:28","invoice":"1232","row":9,"excel_name":"Z-Tiger Clothing","excel_ntn":"4118285","matched_party_id":1353,"matched_party_name":"Z-Tiger Clothing","matched_party_ntn":"4118285","matched_company_id":10,"note":"used_existing_party_by_name"}
{"timestamp":"2026-07-09 13:58:28","invoice":"1233","row":12,"excel_name":"Z-Tiger Clothing","excel_ntn":"4118285","matched_party_id":1353,"matched_party_name":"Z-Tiger Clothing","matched_party_ntn":"4118285","matched_company_id":10,"note":"used_existing_party_by_name"}
{"timestamp":"2026-07-09 13:58:28","invoice":"2052","row":15,"excel_name":"SHZ TEXTILES","excel_ntn":"2892996","matched_party_id":1354,"matched_party_name":"SHZ TEXTILES","matched_party_ntn":"2892996","matched_company_id":10,"note":"created_party"}
{"timestamp":"2026-07-09 13:58:28","invoice":"2053","row":17,"excel_name":"SHZ TEXTILES","excel_ntn":"2892996","matched_party_id":1354,"matched_party_name":"SHZ TEXTILES","matched_party_ntn":"2892996","matched_company_id":10,"note":"used_existing_party_by_name"}
{"timestamp":"2026-07-09 13:58:28","invoice":"2054","row":19,"excel_name":"SHZ TEXTILES","excel_ntn":"2892996","matched_party_id":1354,"matched_party_name":"SHZ TEXTILES","matched_party_ntn":"2892996","matched_company_id":10,"note":"used_existing_party_by_name"}
{"timestamp":"2026-07-09 13:58:28","invoice":"2085","row":21,"excel_name":"Knittex Fashion","excel_ntn":"4021783","matched_party_id":1355,"matched_party_name":"Knittex Fashion","matched_party_ntn":"4021783","matched_company_id":10,"note":"created_party"}
{"timestamp":"2026-07-09 13:58:28","invoice":"2086","row":26,"excel_name":"Knittex Fashion","excel_ntn":"4021783","matched_party_id":1355,"matched_party_name":"Knittex Fashion","matched_party_ntn":"4021783","matched_company_id":10,"note":"used_existing_party_by_name"}
{"timestamp":"2026-07-09 13:58:28","invoice":"1234","row":27,"excel_name":"Z-Tiger Clothing","excel_ntn":"4118285","matched_party_id":1353,"matched_party_name":"Z-Tiger Clothing","matched_party_ntn":"4118285","matched_company_id":10,"note":"used_existing_party_by_name"}
{"timestamp":"2026-07-09 13:58:28","invoice":"1235","row":31,"excel_name":"Z-Tiger Clothing","excel_ntn":"4118285","matched_party_id":1353,"matched_party_name":"Z-Tiger Clothing","matched_party_ntn":"4118285","matched_company_id":10,"note":"used_existing_party_by_name"}
{"timestamp":"2026-07-09 13:58:28","invoice":"2087","row":32,"excel_name":"Knittex Fashion","excel_ntn":"4021783","matched_party_id":1355,"matched_party_name":"Knittex Fashion","matched_party_ntn":"4021783","matched_company_id":10,"note":"used_existing_party_by_name"}
{"timestamp":"2026-07-09 13:58:28","invoice":"2088","row":36,"excel_name":"Knittex Fashion","excel_ntn":"4021783","matched_party_id":1355,"matched_party_name":"Knittex Fashion","matched_party_ntn":"4021783","matched_company_id":10,"note":"used_existing_party_by_name"}
{"timestamp":"2026-07-09 13:58:28","invoice":"1236","row":37,"excel_name":"Z-Tiger Clothing","excel_ntn":"4118285","matched_party_id":1353,"matched_party_name":"Z-Tiger Clothing","matched_party_ntn":"4118285","matched_company_id":10,"note":"used_existing_party_by_name"}
{"timestamp":"2026-07-09 13:58:28","invoice":"1237","row":41,"excel_name":"Z-Tiger Clothing","excel_ntn":"4118285","matched_party_id":1353,"matched_party_name":"Z-Tiger Clothing","matched_party_ntn":"4118285","matched_company_id":10,"note":"used_existing_party_by_name"}
{"timestamp":"2026-07-09 13:58:28","invoice":"1238","row":42,"excel_name":"Z-Tiger Clothing","excel_ntn":"4118285","matched_party_id":1353,"matched_party_name":"Z-Tiger Clothing","matched_party_ntn":"4118285","matched_company_id":10,"note":"used_existing_party_by_name"}
{"timestamp":"2026-07-09 13:58:28","invoice":"1239","row":46,"excel_name":"Z-Tiger Clothing","excel_ntn":"4118285","matched_party_id":1353,"matched_party_name":"Z-Tiger Clothing","matched_party_ntn":"4118285","matched_company_id":10,"note":"used_existing_party_by_name"}
{"timestamp":"2026-07-09 13:58:28","invoice":"1240","row":47,"excel_name":"Z-Tiger Clothing","excel_ntn":"4118285","matched_party_id":1353,"matched_party_name":"Z-Tiger Clothing","matched_party_ntn":"4118285","matched_company_id":10,"note":"used_existing_party_by_name"}
{"timestamp":"2026-07-09 13:58:28","invoice":"1241","row":51,"excel_name":"Z-Tiger Clothing","excel_ntn":"4118285","matched_party_id":1353,"matched_party_name":"Z-Tiger Clothing","matched_party_ntn":"4118285","matched_company_id":10,"note":"used_existing_party_by_name"}
{"timestamp":"2026-07-09 13:58:28","invoice":"2089","row":52,"excel_name":"Knittex Fashion","excel_ntn":"4021783","matched_party_id":1355,"matched_party_name":"Knittex Fashion","matched_party_ntn":"4021783","matched_company_id":10,"note":"used_existing_party_by_name"}
{"timestamp":"2026-07-09 13:58:28","invoice":"2090","row":56,"excel_name":"Knittex Fashion","excel_ntn":"4021783","matched_party_id":1355,"matched_party_name":"Knittex Fashion","matched_party_ntn":"4021783","matched_company_id":10,"note":"used_existing_party_by_name"}
{"timestamp":"2026-07-09 13:58:28","invoice":"428","row":57,"excel_name":"Textile Sourcing","excel_ntn":"8893157","matched_party_id":1356,"matched_party_name":"Textile Sourcing","matched_party_ntn":"8893157","matched_company_id":10,"note":"created_party"}
{"timestamp":"2026-07-09 13:58:28","invoice":"429","row":58,"excel_name":"Textile Sourcing","excel_ntn":"8893157","matched_party_id":1356,"matched_party_name":"Textile Sourcing","matched_party_ntn":"8893157","matched_company_id":10,"note":"used_existing_party_by_name"}
{"timestamp":"2026-07-09 13:58:28","invoice":"1242","row":59,"excel_name":"Z-Tiger Clothing","excel_ntn":"4118285","matched_party_id":1353,"matched_party_name":"Z-Tiger Clothing","matched_party_ntn":"4118285","matched_company_id":10,"note":"used_existing_party_by_name"}
{"timestamp":"2026-07-09 13:58:28","invoice":"1243","row":63,"excel_name":"Z-Tiger Clothing","excel_ntn":"4118285","matched_party_id":1353,"matched_party_name":"Z-Tiger Clothing","matched_party_ntn":"4118285","matched_company_id":10,"note":"used_existing_party_by_name"}
{"timestamp":"2026-07-09 13:58:28","invoice":"430","row":64,"excel_name":"Textile Sourcing","excel_ntn":"8893157","matched_party_id":1356,"matched_party_name":"Textile Sourcing","matched_party_ntn":"8893157","matched_company_id":10,"note":"used_existing_party_by_name"}
{"timestamp":"2026-07-09 13:58:28","invoice":"431","row":65,"excel_name":"Textile Sourcing","excel_ntn":"8893157","matched_party_id":1356,"matched_party_name":"Textile Sourcing","matched_party_ntn":"8893157","matched_company_id":10,"note":"used_existing_party_by_name"}
{"timestamp":"2026-07-09 13:58:28","invoice":"432","row":66,"excel_name":"Textile Sourcing","excel_ntn":"8893157","matched_party_id":1356,"matched_party_name":"Textile Sourcing","matched_party_ntn":"8893157","matched_company_id":10,"note":"used_existing_party_by_name"}
{"timestamp":"2026-07-09 13:58:29","invoice":"433","row":67,"excel_name":"Textile Sourcing","excel_ntn":"8893157","matched_party_id":1356,"matched_party_name":"Textile Sourcing","matched_party_ntn":"8893157","matched_company_id":10,"note":"used_existing_party_by_name"}
{"timestamp":"2026-07-09 13:58:29","invoice":"1244","row":68,"excel_name":"Z-Tiger Clothing","excel_ntn":"4118285","matched_party_id":1353,"matched_party_name":"Z-Tiger Clothing","matched_party_ntn":"4118285","matched_company_id":10,"note":"used_existing_party_by_name"}
{"timestamp":"2026-07-09 13:58:29","invoice":"1245","row":72,"excel_name":"Z-Tiger Clothing","excel_ntn":"4118285","matched_party_id":1353,"matched_party_name":"Z-Tiger Clothing","matched_party_ntn":"4118285","matched_company_id":10,"note":"used_existing_party_by_name"}
{"timestamp":"2026-07-09 13:58:29","invoice":"2055","row":73,"excel_name":"SHZ TEXTILES","excel_ntn":"2892996","matched_party_id":1354,"matched_party_name":"SHZ TEXTILES","matched_party_ntn":"2892996","matched_company_id":10,"note":"used_existing_party_by_name"}
{"timestamp":"2026-07-09 13:58:29","invoice":"2056","row":74,"excel_name":"SHZ TEXTILES","excel_ntn":"2892996","matched_party_id":1354,"matched_party_name":"SHZ TEXTILES","matched_party_ntn":"2892996","matched_company_id":10,"note":"used_existing_party_by_name"}
{"timestamp":"2026-07-09 13:58:29","invoice":"2091","row":75,"excel_name":"Knittex Fashion","excel_ntn":"4021783","matched_party_id":1355,"matched_party_name":"Knittex Fashion","matched_party_ntn":"4021783","matched_company_id":10,"note":"used_existing_party_by_name"}
{"timestamp":"2026-07-09 13:58:29","invoice":"2092","row":79,"excel_name":"Knittex Fashion","excel_ntn":"4021783","matched_party_id":1355,"matched_party_name":"Knittex Fashion","matched_party_ntn":"4021783","matched_company_id":10,"note":"used_existing_party_by_name"}
{"timestamp":"2026-07-09 13:58:29","invoice":"1246","row":80,"excel_name":"Z-Tiger Clothing","excel_ntn":"4118285","matched_party_id":1353,"matched_party_name":"Z-Tiger Clothing","matched_party_ntn":"4118285","matched_company_id":10,"note":"used_existing_party_by_name"}
{"timestamp":"2026-07-09 13:58:29","invoice":"1247","row":84,"excel_name":"Z-Tiger Clothing","excel_ntn":"4118285","matched_party_id":1353,"matched_party_name":"Z-Tiger Clothing","matched_party_ntn":"4118285","matched_company_id":10,"note":"used_existing_party_by_name"}
{"timestamp":"2026-07-09 14:00:34","invoice":"1001","row":2,"excel_name":"WALKING","excel_ntn":"9999999","matched_party_id":1352,"matched_party_name":"WALKING","matched_party_ntn":"9999999","matched_company_id":10,"note":"used_existing_party_by_name"}
{"timestamp":"2026-07-09 14:00:34","invoice":"2002","row":3,"excel_name":"WALKING","excel_ntn":"9999999","matched_party_id":1352,"matched_party_name":"WALKING","matched_party_ntn":"9999999","matched_company_id":10,"note":"used_existing_party_by_name"}
{"timestamp":"2026-07-09 14:00:34","invoice":"3003","row":4,"excel_name":"WALKING","excel_ntn":"9999999","matched_party_id":1352,"matched_party_name":"WALKING","matched_party_ntn":"9999999","matched_company_id":10,"note":"used_existing_party_by_name"}
{"timestamp":"2026-07-09 14:00:34","invoice":"4004","row":5,"excel_name":"WALKING","excel_ntn":"9999999","matched_party_id":1352,"matched_party_name":"WALKING","matched_party_ntn":"9999999","matched_company_id":10,"note":"used_existing_party_by_name"}
{"timestamp":"2026-07-22 19:48:59","invoice":"TEST20260722164641A","row":2,"excel_name":"Tariq General Store","excel_ntn":"1111479","matched_party_id":1357,"matched_party_name":"Tariq General Store","matched_party_ntn":"1111479","matched_company_id":10,"note":"created_unregistered_party_with_cnic"}
{"timestamp":"2026-07-22 19:49:44","invoice":"TI6f0a57A","row":2,"excel_name":"Tariq General Store","excel_ntn":"1111479","matched_party_id":1358,"matched_party_name":"Tariq General Store","matched_party_ntn":"1111479","matched_company_id":10,"note":"created_unregistered_party_with_cnic"}
{"timestamp":"2026-07-22 19:51:13","invoice":"TI6f0a57A","row":2,"excel_name":"Tariq General Store","excel_ntn":"1111479","matched_party_id":1359,"matched_party_name":"Tariq General Store","matched_party_ntn":"1111479","matched_company_id":10,"note":"created_unregistered_party_with_cnic"}
{"timestamp":"2026-07-22 19:52:48","invoice":"TI6f0a57A","row":2,"excel_name":"Tariq General Store","excel_ntn":"1111479","matched_party_id":1360,"matched_party_name":"Tariq General Store","matched_party_ntn":"1111479","matched_company_id":10,"note":"created_unregistered_party_with_cnic"}
{"timestamp":"2026-07-22 19:54:05","invoice":"84732045","row":2,"excel_name":"Tariq General Store","excel_ntn":"1111479","matched_party_id":1361,"matched_party_name":"Tariq General Store","matched_party_ntn":"1111479","matched_company_id":10,"note":"created_unregistered_party_with_cnic"}
{"timestamp":"2026-07-22 19:54:05","invoice":"84732046","row":5,"excel_name":"Tariq General Store","excel_ntn":"1111479","matched_party_id":1361,"matched_party_name":"Tariq General Store","matched_party_ntn":"1111479","matched_company_id":10,"note":"used_party_cache"}
{"timestamp":"2026-07-22 21:23:04","invoice":"26074202","row":2,"excel_name":"Tariq General Store","excel_ntn":"1111479","matched_party_id":1362,"matched_party_name":"Tariq General Store","matched_party_ntn":"1111479","matched_company_id":10,"note":"created_unregistered_party_with_cnic"}
{"timestamp":"2026-07-22 21:23:04","invoice":"26074226","row":10,"excel_name":"Shan G General Store","excel_ntn":"1111620","matched_party_id":1363,"matched_party_name":"Shan G General Store","matched_party_ntn":"1111620","matched_company_id":10,"note":"created_unregistered_party_with_cnic"}
{"timestamp":"2026-07-22 21:23:04","invoice":"26074239","row":14,"excel_name":"Ahmad Hussain General Store","excel_ntn":"1111300","matched_party_id":1364,"matched_party_name":"Ahmad Hussain General Store","matched_party_ntn":"1111300","matched_company_id":10,"note":"created_unregistered_party_with_cnic"}
{"timestamp":"2026-07-22 21:23:04","invoice":"26074335","row":24,"excel_name":"Nadeem Khattak","excel_ntn":"3110009","matched_party_id":1365,"matched_party_name":"Nadeem Khattak","matched_party_ntn":"3110009","matched_company_id":10,"note":"created_unregistered_party_with_cnic"}
{"timestamp":"2026-07-22 21:25:25","invoice":"26074202","row":2,"excel_name":"Tariq General Store","excel_ntn":"1111479","matched_party_id":1366,"matched_party_name":"Tariq General Store","matched_party_ntn":"1111479","matched_company_id":10,"note":"created_unregistered_party_with_cnic"}
{"timestamp":"2026-07-22 21:25:25","invoice":"26074226","row":10,"excel_name":"Shan G General Store","excel_ntn":"1111620","matched_party_id":1367,"matched_party_name":"Shan G General Store","matched_party_ntn":"1111620","matched_company_id":10,"note":"created_unregistered_party_with_cnic"}
{"timestamp":"2026-07-22 21:25:25","invoice":"26074239","row":14,"excel_name":"Ahmad Hussain General Store","excel_ntn":"1111300","matched_party_id":1368,"matched_party_name":"Ahmad Hussain General Store","matched_party_ntn":"1111300","matched_company_id":10,"note":"created_unregistered_party_with_cnic"}
{"timestamp":"2026-07-22 21:25:25","invoice":"26074335","row":24,"excel_name":"Nadeem Khattak","excel_ntn":"3110009","matched_party_id":1369,"matched_party_name":"Nadeem Khattak","matched_party_ntn":"3110009","matched_company_id":10,"note":"created_unregistered_party_with_cnic"}
